/*
Navicat MySQL Data Transfer

Source Server         : localhost_3306
Source Server Version : 50638
Source Host           : localhost:3306
Source Database       : test

Target Server Type    : MYSQL
Target Server Version : 50638
File Encoding         : 65001

Date: 2018-11-13 18:48:05
*/

SET FOREIGN_KEY_CHECKS=0;

-- ----------------------------
-- Table structure for dnf_badge
-- ----------------------------
DROP TABLE IF EXISTS `dnf_badge`;
CREATE TABLE `dnf_badge` (
  `bid` int(11) NOT NULL AUTO_INCREMENT,
  `badgeurl` varchar(200) NOT NULL,
  `badgeinfo` varchar(300) NOT NULL DEFAULT '该徽章没有介绍',
  PRIMARY KEY (`bid`)
) ENGINE=InnoDB AUTO_INCREMENT=33 DEFAULT CHARSET=utf8;

-- ----------------------------
-- Records of dnf_badge
-- ----------------------------
INSERT INTO `dnf_badge` VALUES ('1', 'xihaian.gif', '代号1026');
INSERT INTO `dnf_badge` VALUES ('2', 'xihaian2.gif', '西海岸玩家');
INSERT INTO `dnf_badge` VALUES ('3', 'xz1.gif', '妹子认证');
INSERT INTO `dnf_badge` VALUES ('4', 'xz2.gif', '男法师');
INSERT INTO `dnf_badge` VALUES ('5', 'xz3.gif', '男格斗');
INSERT INTO `dnf_badge` VALUES ('6', 'xz4.gif', '暗夜使者');
INSERT INTO `dnf_badge` VALUES ('7', 'xz5.gif', '女枪');
INSERT INTO `dnf_badge` VALUES ('8', 'xz6.gif', '圣职者');
INSERT INTO `dnf_badge` VALUES ('9', 'xz7.gif', '魔法师');
INSERT INTO `dnf_badge` VALUES ('10', 'xz8.gif', '女格斗');
INSERT INTO `dnf_badge` VALUES ('12', 'xz10.gif', '鬼剑士');
INSERT INTO `dnf_badge` VALUES ('14', 'xz12.gif', '女鬼剑');
INSERT INTO `dnf_badge` VALUES ('15', 'xz13.gif', '缔造者');
INSERT INTO `dnf_badge` VALUES ('16', 'xz14.gif', '魔枪');
INSERT INTO `dnf_badge` VALUES ('17', 'xz15.gif', '女圣骑');
INSERT INTO `dnf_badge` VALUES ('18', 'xz16.gif', '赛利亚の朋友');
INSERT INTO `dnf_badge` VALUES ('19', 'xz17.gif', 'BUG达人');
INSERT INTO `dnf_badge` VALUES ('20', 'xz18.gif', '倾国倾城');
INSERT INTO `dnf_badge` VALUES ('21', 'xz19.gif', '音乐之声');
INSERT INTO `dnf_badge` VALUES ('22', 'xz20.gif', '酒馆粉丝');
INSERT INTO `dnf_badge` VALUES ('23', 'xz21.gif', '刀剑神域-桐人');
INSERT INTO `dnf_badge` VALUES ('24', 'xz22.gif', '刀剑神域-明日结成');
INSERT INTO `dnf_badge` VALUES ('25', 'xz23.gif', '小水怪');
INSERT INTO `dnf_badge` VALUES ('26', 'xz24.gif', '大水怪');
INSERT INTO `dnf_badge` VALUES ('27', 'xz25.gif', '波塞冬');
INSERT INTO `dnf_badge` VALUES ('28', 'xz26.gif', '奶粉秀专属');
INSERT INTO `dnf_badge` VALUES ('29', 'xz27.gif', '九周年专属');
INSERT INTO `dnf_badge` VALUES ('30', 'xz28.gif', '蓝颜');
INSERT INTO `dnf_badge` VALUES ('31', 'xz29.gif', '红颜');
INSERT INTO `dnf_badge` VALUES ('32', 'xz30.gif', '正义勇士');

-- ----------------------------
-- Table structure for dnf_comment
-- ----------------------------
DROP TABLE IF EXISTS `dnf_comment`;
CREATE TABLE `dnf_comment` (
  `coid` int(11) NOT NULL AUTO_INCREMENT,
  `rpid` int(11) NOT NULL,
  `fx` int(11) NOT NULL DEFAULT '0',
  `nb` int(11) NOT NULL DEFAULT '0',
  PRIMARY KEY (`coid`),
  KEY `rpid` (`rpid`),
  CONSTRAINT `dnf_comment_ibfk_1` FOREIGN KEY (`rpid`) REFERENCES `dnf_reply_post` (`rpid`)
) ENGINE=InnoDB DEFAULT CHARSET=utf8;

-- ----------------------------
-- Records of dnf_comment
-- ----------------------------

-- ----------------------------
-- Table structure for dnf_fans
-- ----------------------------
DROP TABLE IF EXISTS `dnf_fans`;
CREATE TABLE `dnf_fans` (
  `fid` int(11) NOT NULL AUTO_INCREMENT,
  `uid_m` int(11) DEFAULT NULL,
  `uid_f` int(11) DEFAULT NULL,
  `ftime` datetime NOT NULL DEFAULT CURRENT_TIMESTAMP,
  `fstatus` int(11) NOT NULL DEFAULT '0',
  PRIMARY KEY (`fid`),
  KEY `uid_m` (`uid_m`),
  KEY `uid_f` (`uid_f`),
  CONSTRAINT `dnf_fans_ibfk_1` FOREIGN KEY (`uid_m`) REFERENCES `dnf_user` (`uid`),
  CONSTRAINT `dnf_fans_ibfk_2` FOREIGN KEY (`uid_f`) REFERENCES `dnf_user` (`uid`)
) ENGINE=InnoDB AUTO_INCREMENT=2 DEFAULT CHARSET=utf8;

-- ----------------------------
-- Records of dnf_fans
-- ----------------------------
INSERT INTO `dnf_fans` VALUES ('1', '1', '2', '2018-10-13 16:09:16', '0');

-- ----------------------------
-- Table structure for dnf_order
-- ----------------------------
DROP TABLE IF EXISTS `dnf_order`;
CREATE TABLE `dnf_order` (
  `orid` int(11) NOT NULL AUTO_INCREMENT,
  `uid` int(11) NOT NULL,
  `prodid` int(11) NOT NULL,
  `ordertime` datetime NOT NULL DEFAULT CURRENT_TIMESTAMP,
  PRIMARY KEY (`orid`),
  KEY `uid` (`uid`),
  KEY `prodid` (`prodid`),
  CONSTRAINT `dnf_order_ibfk_1` FOREIGN KEY (`uid`) REFERENCES `dnf_user` (`uid`),
  CONSTRAINT `dnf_order_ibfk_2` FOREIGN KEY (`prodid`) REFERENCES `dnf_products` (`prodid`)
) ENGINE=InnoDB DEFAULT CHARSET=utf8;

-- ----------------------------
-- Records of dnf_order
-- ----------------------------

-- ----------------------------
-- Table structure for dnf_post_photos
-- ----------------------------
DROP TABLE IF EXISTS `dnf_post_photos`;
CREATE TABLE `dnf_post_photos` (
  `ppid` int(11) NOT NULL AUTO_INCREMENT,
  `pid` int(11) DEFAULT NULL,
  `rpid` int(11) DEFAULT NULL,
  `url` varchar(100) NOT NULL,
  PRIMARY KEY (`ppid`),
  KEY `pid` (`pid`),
  KEY `rpid` (`rpid`),
  CONSTRAINT `dnf_post_photos_ibfk_1` FOREIGN KEY (`pid`) REFERENCES `dnf_theme_post` (`pid`),
  CONSTRAINT `dnf_post_photos_ibfk_2` FOREIGN KEY (`rpid`) REFERENCES `dnf_reply_post` (`rpid`)
) ENGINE=InnoDB DEFAULT CHARSET=utf8;

-- ----------------------------
-- Records of dnf_post_photos
-- ----------------------------

-- ----------------------------
-- Table structure for dnf_products
-- ----------------------------
DROP TABLE IF EXISTS `dnf_products`;
CREATE TABLE `dnf_products` (
  `prodid` int(11) NOT NULL AUTO_INCREMENT,
  `uid` int(11) NOT NULL,
  `prodstatus` int(11) NOT NULL DEFAULT '0',
  `begintime` datetime NOT NULL DEFAULT CURRENT_TIMESTAMP,
  `endtime` datetime NOT NULL,
  `hot` int(11) NOT NULL DEFAULT '0',
  PRIMARY KEY (`prodid`),
  KEY `uid` (`uid`),
  CONSTRAINT `dnf_products_ibfk_1` FOREIGN KEY (`uid`) REFERENCES `dnf_user` (`uid`)
) ENGINE=InnoDB DEFAULT CHARSET=utf8;

-- ----------------------------
-- Records of dnf_products
-- ----------------------------

-- ----------------------------
-- Table structure for dnf_reply_post
-- ----------------------------
DROP TABLE IF EXISTS `dnf_reply_post`;
CREATE TABLE `dnf_reply_post` (
  `rpid` int(11) NOT NULL AUTO_INCREMENT,
  `pid` int(11) DEFAULT NULL,
  `to_rpid` int(11) DEFAULT NULL,
  `content` text NOT NULL,
  `replytime` datetime NOT NULL DEFAULT CURRENT_TIMESTAMP,
  `replystatus` int(11) NOT NULL DEFAULT '0',
  `replylike` int(11) NOT NULL DEFAULT '0',
  `uid` int(11) NOT NULL,
  PRIMARY KEY (`rpid`),
  KEY `pid` (`pid`),
  KEY `to_rpid` (`to_rpid`),
  KEY `dnf_reply_post_ibfk_3` (`uid`),
  CONSTRAINT `dnf_reply_post_ibfk_1` FOREIGN KEY (`pid`) REFERENCES `dnf_theme_post` (`pid`),
  CONSTRAINT `dnf_reply_post_ibfk_2` FOREIGN KEY (`to_rpid`) REFERENCES `dnf_reply_post` (`rpid`),
  CONSTRAINT `dnf_reply_post_ibfk_3` FOREIGN KEY (`uid`) REFERENCES `dnf_user` (`uid`)
) ENGINE=InnoDB AUTO_INCREMENT=35 DEFAULT CHARSET=utf8;

-- ----------------------------
-- Records of dnf_reply_post
-- ----------------------------
INSERT INTO `dnf_reply_post` VALUES ('0', '1', '0', '测试评论', '2018-11-05 10:20:08', '1', '0', '1');
INSERT INTO `dnf_reply_post` VALUES ('1', '24', '0', '不知道这个所谓的毕业是怎么定义的', '2018-11-01 09:21:11', '0', '0', '9');
INSERT INTO `dnf_reply_post` VALUES ('2', '24', '0', '主题后面带有\r\n  是对阵满90级史诗套自己可以用 的', '2018-11-01 09:21:45', '0', '0', '6');
INSERT INTO `dnf_reply_post` VALUES ('3', '24', '0', '这样的话啊，我图鉴3000个碎片，加上刷出来的12个角色差不多就是12加3套×5种也就是27个毕业吧，妈耶我是真的肝', '2018-11-01 09:22:10', '0', '0', '3');
INSERT INTO `dnf_reply_post` VALUES ('4', '24', '0', '图片可以直接截图\r\n努力总有忠心可见\r\n（天地辉煌）', '2018-11-01 09:22:32', '0', '0', '2');
INSERT INTO `dnf_reply_post` VALUES ('5', '24', '0', '在上班呀，办公室电脑垃圾的很只能聊QQ刷论坛', '2018-11-01 09:22:56', '0', '0', '1');
INSERT INTO `dnf_reply_post` VALUES ('6', '3', '0', '只有B套，没有海伯伦，超时空3也没有得咸鱼就是我', '2018-11-01 09:23:13', '0', '0', '3');
INSERT INTO `dnf_reply_post` VALUES ('7', '3', '0', '就羡慕这种有钱有时间还能肝的', '2018-11-01 09:23:23', '0', '0', '2');
INSERT INTO `dnf_reply_post` VALUES ('8', '3', '0', '深渊可以找代练呀，', '2018-11-01 09:23:35', '0', '0', '10');
INSERT INTO `dnf_reply_post` VALUES ('9', '3', '0', '还能论坛灌水', '2018-11-01 09:23:47', '0', '0', '2');
INSERT INTO `dnf_reply_post` VALUES ('10', '3', '0', '不怕不怕，封了就不玩了', '2018-11-01 10:29:41', '0', '0', '3');
INSERT INTO `dnf_reply_post` VALUES ('11', '3', '0', '有钱有钱，代练你不怕他开飞机给你刷么', '2018-11-01 10:29:54', '0', '0', '2');
INSERT INTO `dnf_reply_post` VALUES ('12', '1', '0', ' 狗托帝期刊，屏蔽了', '2018-11-03 11:44:19', '0', '0', '10');
INSERT INTO `dnf_reply_post` VALUES ('13', '1', '0', '回复完马上深渊去！', '2018-11-03 11:44:30', '0', '0', '9');
INSERT INTO `dnf_reply_post` VALUES ('14', '1', '0', '这辈子都出不了卡片了', '2018-11-03 11:44:42', '0', '0', '8');
INSERT INTO `dnf_reply_post` VALUES ('15', '1', '13', '我时空刷了一个星期了    一天黑到底', '2018-11-05 10:01:58', '0', '0', '6');
INSERT INTO `dnf_reply_post` VALUES ('16', '1', '14', '我感觉换着刷稳点', '2018-11-05 10:02:19', '0', '0', '5');
INSERT INTO `dnf_reply_post` VALUES ('17', '2', '0', '楼主好帅', '2018-11-06 15:55:07', '0', '0', '3');
INSERT INTO `dnf_reply_post` VALUES ('18', '35', '0', '<table cellspacing=\"0\" cellpadding=\"0\" style=\"overflow-wrap: break-word; empty-cells: show; border-collapse: collapse; table-layout: fixed; width: 650px; color: rgb(68, 68, 68); font-family: Arial, &quot;Microsoft YaHei&quot;, &quot;Microsoft YaHei&quot;, &quot;Microsoft YaHei&quot;, sans-serif; font-size: 12px; background-color: rgb(255, 255, 255);\"><tbody style=\"overflow-wrap: break-word;\"><tr style=\"overflow-wrap: break-word;\"><td class=\"t_f\" id=\"postmessage_17472549\" style=\"overflow-wrap: break-word; font-size: 14px;\">多关注一下吧，偶尔会有改名活动<br style=\"overflow-wrap: break-word;\">自己是改不了的，只能注册的时候改一次<img src=\"data:image/gif;base64,/9j/4AAQSkZJRgABAQEAYABgAAD/2wBDAAYEBQYFBAYGBQYHBwYIChAKCgkJChQODwwQFxQYGBcUFhYaHSUfGhsjHBYWICwgIyYnKSopGR8tMC0oMCUoKSj/2wBDAQcHBwoIChMKChMoGhYaKCgoKCgoKCgoKCgoKCgoKCgoKCgoKCgoKCgoKCgoKCgoKCgoKCgoKCgoKCgoKCgoKCj/wAARCABkAGQDASIAAhEBAxEB/8QAHAAAAgIDAQEAAAAAAAAAAAAAAAYFBwIDBAEI/8QARBAAAQMDAQUFBQUEBgsAAAAAAQIDBAAFEQYSEyExQSJRYXGBBxQykaEVQrGywVJigqIjJFNU0fAmM0NjcnSDksLD0v/EABoBAAIDAQEAAAAAAAAAAAAAAAIEAAMFAQb/xAAjEQACAgICAgIDAQAAAAAAAAAAAQIRAzEEIRIyE0EiUWGB/9oADAMBAAIRAxEAPwD6UooooygKKK1yH2Ysd1+StLbLSSta1HASAMkmoQ2YNQM3V1pjvLYjrdnvoOFNw0bzZPcpXwg+ZFLM6ZM1Tlby3YdlP+ripJQ5IT0U4eYB/YHTn3V1sssxY6WY7TbLKBgJQkJAHkKXnnrqI3j433I6pWp7o8gpgWhLKlHAXLfHZ8SlGc+WRUel7UbK/eG702+91jvRkJYPgNntp89o+tZw1F1svq/2nFI7k9P8fWt9UvLJl6wwX0bY2qbmyR9qWZLieq4EjefyrCT8ianbPfbfeNpMF/LyPjYcSUOI80nBHnypcBB5Hka5bhCalBLiipp9rtNvtHZcbPek/pyPUGijmafYE+PF66LBwa8xS1pTUDkp77LuikG4JRvG3kjCZLf7YHQjhlPiCOB4Mx401GSl2hKUXF0zyiiiiBCiiioQB40l6yeNzvDFmSf6nHQmVMA5OKJO6bPhlKlEfup6GnQc6TtOIbmrvc1eFvS33FI79lBLaceiEn+KqczpUi7jq5WzTtjebvrjaNcF9loiw0NrJC5TiIzYHPKyBnyANbGhI94lvNth5pKw1sp+MYSDw7/iPCoF+UZ85mWhp1bCJLTSCUEJQnbHEk9SRy54ApNmmoPbGpICQAkYGMAVilaVOKQD2k4J8M8vwralJKSoDKU8z3VBPXDdRrlKYbU6ovlhrYGSVJAT+bI4VGBvokoKt4wV9FOLI8to4rNh0uOPtqHFtQHoQCP1qJ05NabgCGC849HUUBG7VtlPMHBGeRx6V3xd8q8PIWwpsutIKUlQJOFKHTlzHWoE4tHDKivOodTCWG7hBcEmGs8gSCQD+6e2kjuqwdP3Vm+WaLcI3BLyApSCe0hXVJ8QQR6Ui6tb+yJcKQpakuSWVNdnh2gtOB8lqPpWpxtjTlwh3eA2mO2l5DMxDfZS6ytWyVKHIlJIVnnz76uxZPB0LZsfmrRZ1FenA50U6IHlFFAGa4Q1yn0xYr77hwhptS1HuAGf0qsdLS3YrMdlC8KLe7WRzCy20sjz4Kpw15FulwsZt9oQ1tSlht951WEtM81nHM5AxjxqvbVvW7Ml8K30ptqPOUeRWSkhZ8yAr50tnehzipU2SSG1uPOMwlKbmypTicoVglAOCT6YAJ5ZpwvFnbhaSUy1jMctvkjqUKCj9BSNadCWvU1wu91euFyO2oFhMeWttKQUA8k+OfXNUT7M7hPd9o1jizLhNdaeliO6hx9agoKykggnxqhDTuSpPR9H3iaLfbZEjIK0pwgd6ulYaJtS5MiG27xjW4bxwn78hWSR47OT6nwrmftNxvM5qEhBbREWA64oc1DhkDry4etNc/R0KZaocH3y4xExyVBcOUplSlHmVEc+/jXErZyUlGNX2yB1E2/ZL4t1pwNwZShvFhIJRxOFDPAcTg8DwOelYNN+73xhaVuLdUwvKlqJOUqT8ufSvnrWerdQ2nVd4tcS/XB+FFkuNNpkub04SSOO0Kt3QYvMduG7f5bT7P2cmQ0Q1sKQleyrBOcEAdfCpotabirZ3e0i5Oy7NCdcSkKZlrbCgPiOwr9UipjUTImafuLX9pGcx4HZOD88Ur6tbdd0ZBIbWpxx1TygBxTtIcJPkNqm5tQdtCFcwtjPnlNQBqkOtnkGXZ4Ekji9HbcOfFINFcukz/opZT3wmfyCitFaMmW2StejgaXGXdTXK2tzYSbbFTJ2VNMvIWpxDavvKUDjaAOdnHhnrWF5iT9PQk3QXiZLDLjfvDL6UFC21LCVEBKQUkAkjHdxoHNBfHZK6kk+6aeucjOC1FdWD5INVha2zFvqWiAUiAxFUk8s4WR+Uj1pz1vdoErTVxhxJsZ2Q6hpottuBSgHVpSCQOQIJpYWhKtVy2Ccb2IlaCOhQoYP81L5ndDfFjSZv0c1c7dFZdtURwtvhO2NgBC+JJUSVcDxPH6VpsvsP09atRxb0xcLqqVHkiSltS0bAUDnHBOcetc2j9XL06+u03FpbkQOLKVIGVMna48Oqe1nhxq0rbdIV0ZL1vlMyEDnsKyUnuI5j1qtFuVu9UdYSkLUoAbRxk9TXqs8+ua5nEyhvA0432j2StPweg51vGQlIUcqA4nvrpQu+j5z9oPsMkOz7tfGdQNBuQ+t5TbrCgUla8gAgnPE45Cne7vCUmHbo0ZxpK47MIOKAxsJyV8ifujh51ab27LLgf2CyR2wv4ceNVqiTbLlq+S9aUsFiKzuwtlICVKUo5II4Hl0oZIZxyUrUvoh/aHIksWgR4DW06tiRg44NoDeFE+hI8yKmtPlS9MWva+IxGwfPYxUZepAlz5kRGNr7NkJSP3lEj/1mu7R7hf0haHT96Kk/SuBDhoPaVobTxVkn3BkE/wCistDAp0VYQP7iz+QUVoR0ZUtsz0ZcHG9Nld1fYSzEccjIkKVsbxtpRQFrB4JUdk54468M4BPvki6srj6diqcDgKffZCdhhAI+JIIy54ADB762HTtmVLMpVtimQV7zaLYPa/axyz41LDB4dMUCgw/NfRUsXTpj2SGm0RQi2MS/epc93Ybdl7O0AUJSMBIJ7OccAMd9GqQ/YtW2RySW1tSQtrfpONpOMZI6YKkeFSNlul2bhy2IUiCuzsvuNRfeWFKUppKscVBQGMhQHDkBUoEW/2haTWgqaRMjqLRLY4sODGQOuyRj0PeKVl2xyLce3ornVLRa1kUBKjvW9pIAzkkJHDxymp2y6EmuxDOelOwJyyVNNowFpG0SNpXQnPIcq12p2XF1pYvtZhbEtAdhOFfJzAOw4k9Qf1qwLY869d7mhWFNR1JbQrOckjaI9Mj50C6KObyJx/GIqWfUc+025TF1uqPemlkES0EnA5dsDB7+fWuN7VOpLtLbZ09MDjavicbjoWlJHTJHl1qa1JYZD94adgqfTvuDpbkKa2B34HBXEnn3imKPHRabY4WklWwkrUTzVgcTRf0pny18dJdlX6lYv7CmmtSSHJCXMlCg5tNKI442cAAjux68690y8i0Wq9XNz4Q4kIT3kIGE/NVWZqGFGudmkMyl7DRTtpd5lsjiFDy/wA86piema+0xai0tooJG72TtqdVxJx34VhI/wAgRvicj5otPaO6wvrd1Rby6QrepUyo45kNHP8ANt036aipg6bt8VByhmOEA+GOFaIWjkWpMGTOubUWUkFSGFNFQyUkYyDxPHpXbbSpqKYrmQY6Q2NpBQogJGCUniM8alMYclLQ0aGOdF2H/kWfyCivNDEDRVgz/cWfyCitCOjKltk5UHra4OW7TklcVWJj+zGjH/eOHZSfTOfIGp1IyaTNYue9altMIHLcNtc1wfvKy239C4fShySqIWGPlOhdvzjNk08mKz2G0t7tI7kJHE/IfWtPs0lmyWK1S3E8LghyRJHUBRLgV4lIIGO4nwpd9rEpZhSWWj2g0Gx5q5/Sm+XHEaFAjowEtsqZSP8Aon/5pGzUcbjTNntE1Lan4MU2x1mXKKgUuIPBkftE8wQcHHPh051I6XkC22aHHcWuVcpJ3z2cZ218eJ8BgelVVMAceiMnk44B8+z/AOQq2NJxEqkPPqx/RdlI7s9aOK6bZzLx8fwvJk1EasniDWLyUrbUlXwqGD5VkOvjXDfJBiWeY+k4Uls48+VB9nnP6KFi1U/Pit2q2shy5MKLC1v/AAgJUUpUB97ITnmMfSmuz6cYgy13O4PKnXNYG0+4AAgAckJHADHXn41UunJDttu0qbDCTJj7ToCuS07RC0n0WPlUne9WXa8trZedRHiqOCywCNodxVzP0ovVs2seBJLwWyWc9oTlvuspwtiXaN5stJz2wM4yFHmCeh6Ecal5j7s2SuZIbS0d2UNtpOcJ59o9Tn0FVDKUfsTGO0hSU+oWB+lW4yd7HbI5KSD9KEZcFEkvZnJ970NaQ4MOR2vdlgd7Z2fqAD60VXsLWQ0iymGoEh9DcgDu/o0oI/7m1UU0svQnLFbLppEkHeauvy1fEgssp8EhvaA+ajRRXc/qBxfZlfarbTJvL7b3FAU6cf8ACysj8Ke7uBu2jjiHkAepCT9FGiilEaEiv2mkm8QMjOHsD0BP4gVYenHVt3VKEnsuZChRRV+L1Y/JJ8PJf6HOoXWJxp2V/D+YUUVRH3PF/srSyMo+3wno626FDzSP8BUbyOO6iiiyezPSYfSP+EbIANvkZ/tj+cVatlWV2qIVcy2PwoooA8on323R5Nxc3qSd2VJT4AqKvxUaKKKsAo//2Q==\" alt=\"\"></td></tr></tbody></table>', '2018-11-06 16:07:07', '0', '0', '11');
INSERT INTO `dnf_reply_post` VALUES ('19', '35', '0', '<span style=\"color: rgb(68, 68, 68); font-family: Arial, &quot;Microsoft YaHei&quot;, &quot;Microsoft YaHei&quot;, &quot;Microsoft YaHei&quot;, sans-serif; font-size: 14px; background-color: rgb(255, 255, 255);\">版主说只能改一次。</span>', '2018-11-06 16:07:27', '0', '0', '11');
INSERT INTO `dnf_reply_post` VALUES ('20', '35', '0', '我觉得不行吧...<br>', '2018-11-06 16:11:39', '0', '0', '14');
INSERT INTO `dnf_reply_post` VALUES ('21', '35', '0', '我觉得8行，嘿嘿嘿', '2018-11-06 16:23:23', '0', '0', '13');
INSERT INTO `dnf_reply_post` VALUES ('22', '19', '0', '<img src=\"data:image/jpeg;base64,/9j/4AAQSkZJRgABAQEAAQABAAD/2wBDAAYEBQYFBAYGBQYHBwYIChAKCgkJChQODwwQFxQYGBcUFhYaHSUfGhsjHBYWICwgIyYnKSopGR8tMC0oMCUoKSj/2wBDAQcHBwoIChMKChMoGhYaKCgoKCgoKCgoKCgoKCgoKCgoKCgoKCgoKCgoKCgoKCgoKCgoKCgoKCgoKCgoKCgoKCj/wgARCAAvAC8DASIAAhEBAxEB/8QAGgABAAIDAQAAAAAAAAAAAAAABgQFAAIDB//EABYBAQEBAAAAAAAAAAAAAAAAAAABAv/aAAwDAQACEAMQAAAB9UgRT0T9pdgZO82QVsNXcsWhv7KkQW/7cBcKal9lGZgPS1KE/8QAHxAAAgMBAAIDAQAAAAAAAAAAAgMBBAUAEBMREhQj/9oACAEBAAEFAua2FhGsqYjVDkthw9bsfmr2FCHK0qjSYYqALFU21GxY7SH7O3cyw5+Nl2E9o1WWF1MW3B56xi1rQXpJZmRraNWqVs7P4j6o8St8mGU7viPdoklQqDkfB63jHn+Xf//EABQRAQAAAAAAAAAAAAAAAAAAADD/2gAIAQMBAT8BH//EABgRAAIDAAAAAAAAAAAAAAAAAAABEBEg/9oACAECAQE/AZZYsf/EADQQAAIBAQQHBgMJAAAAAAAAAAECAxEABBIhECIxQVFh8BMjUnGhsUKRsgUyU2JygaLR0v/aAAgBAQAGPwKxZ3VFG827mOe8CtO6jJ9bd7DeYF8UsRp87Yo5FZeK6HlYVw7hv5WE9/ePGp+PNR+gft192wWO9Rs/Cu2zM7BQN7GxNwvEUV6J4ECTkw37fP2ti1uaj4TvHX+bXDKvfj6T/ViwwuWaoOKhw+GnK2GaLCCyuTXPI9dZ2XURiprhYZNkRwPHrbYiSGPWBXWcauW232hBgomMOOdRT3W0cqV7iQS04jePkbY1pKspy8uutrWZInwvh1TwPrZDLB2C51Wta8uXX5jZwpWhO218m1eySkakZ1pWv1U0R3dQDBJVl4py8s+stLVrDdVYrRTrS0PoMrBI1CKNgG7Rem/DjRfU19tMy+GaQfzOj//EACQQAQACAgEEAgIDAAAAAAAAAAERIQAxQRBhcZFRgaHBsdHw/9oACAEBAAE/Ic3ZwUD2oH3kzmCR8ndA+/7wMoqBA2C7RvbXfJKNpR/MvSQuIjc2gl2rH+nIzsSVB5LL9+eHDcxFAPYH63l5N2IHdcDiKAXC8Akoo+Q4pZPURDq0hhOfOsWmEo4mUfplgStYdIASa3spGW8BjOAWUgETHdb4AwJDf+yIDO++Hck8umGkzEmsUKBd4SPy5egonZyBKcnmjG0d1zVKfEYATFEdQUslMb5Ck4TAdAmfnjJQIaSR221u/d4pVQSskR4elyfi0JsxTIgsPHWgHyhACMXNCC27wPwwGh0VykXwr/D1q2jej//aAAwDAQACAAMAAAAQ+uceJftAL//EABgRAQADAQAAAAAAAAAAAAAAAAEAEBEx/9oACAEDAQE/ELAezMov/8QAGBEBAQEBAQAAAAAAAAAAAAAAAQAQESH/2gAIAQIBAT8Q7dxJCSavsb//xAAkEAEAAgIBAwMFAAAAAAAAAAABABEhMUEQUYFhkaGxweHw8f/aAAgBAQABPxCXcxqxAAM1UIpWjgZ9EVnzwEwFBAascFPABlQgbqDIADCADLqWG1o9g3VvRCCyEPPORt9EEFyp2CsjBCcRNGGBkg2IIdxS39giAgFcF1HIfwBVFAvf5SAAgAm1RUQj+gAZ5pTjgF5TH5IBGoMArZkOQp3jBuWGiSKxTTt2ALDpb4HCcXRRZ8gKrd62tnMmwdyVeBjvPYsqBK+gBUE6CyIVEIB/fNjRQMOyOPmVNQGG0HUAALaRUBQHJLAcE8F8SR0dbkDwCeepUF7Q2/fp/9k=\" alt=\"\">和官方说就好了鸭', '2018-11-06 20:35:29', '0', '0', '1');
INSERT INTO `dnf_reply_post` VALUES ('23', '38', '0', 'sasasas', '2018-11-07 09:30:00', '0', '0', '19');
INSERT INTO `dnf_reply_post` VALUES ('24', '38', '0', '21212', '2018-11-07 09:30:28', '0', '0', '19');
INSERT INTO `dnf_reply_post` VALUES ('25', '29', '0', '323232', '2018-11-07 09:33:39', '0', '0', '19');
INSERT INTO `dnf_reply_post` VALUES ('26', '26', '0', '1212', '2018-11-07 09:37:38', '0', '0', '19');
INSERT INTO `dnf_reply_post` VALUES ('27', '12', '0', '颠三倒四的', '2018-11-07 10:32:14', '0', '0', '3');
INSERT INTO `dnf_reply_post` VALUES ('28', '12', '0', '颠三倒四的数2<img src=\"data:image/gif;base64,R0lGODlhMAAwAOYAAL7Eyb7DyR8eHzY2OGNkZXx9fnV2d7zCxr3EyLnAxLS7v6GnqklLTKyztqivsqSrrre+wbK5vLG4u7C3uq62uVtmaZuipJmgoouTlZWdn6qytK21t77HyYKHiImPkJGZmp2lppykpb3Gx6mxspehorrFxr7Iyb3HyA4QELnDw7bAwLW+vrO8vHF0dP/y2//oxP/rzP/69O/Mqf/atvPSsP/dut7DqP/mzf/t2v/w4XJsZv7Sq//Wsb+ljv/gwuDKtf/o0vXhzvvJoOO7mNCymP/38PrFm+Wzjve9lP3OrLeWgI58cJiKgPS3kVRANGtjXvWqgfKwiuSmg/m+nvrEpPCje6JyWPa6mrCNe/jay+CaesmSefm0lsl/ZfSegPi0nPi6ovzg1vWrk/rFtIRiWqRTSjYrKjwyMZY/OolLSJAZGcgqKrElJQMCAkI6OkhCQhYVFSgnJ2BfX1taWlhXV//+/qGgoPT09Ojo6NHR0bS0tFNTU09PT0FBQT4+PjExMSH5BADoAwAALAAAAAAwADAAAAf/gAGCg4SFCRCIERITFI2OiokHkggAlZaGmJiLDRoOD5+goY+Hk5mkpqSdoRkXra6voJCnqJoKjQshrR4dBQY6v7+8H6wWuJyypZeoI58ZGAVyb25n1GbW129zBhjEsbbJs4aerS3S2NPof9cCcWcEHsPFn9/g4p3Oe+fS+33p6uxw/rx7xqoTvXCT7nVw085NPwYQ+UTkt04AHBR+CvTR0cpTJE24PDCk9lDinpMm+/kZ8C+ORRQuGcRjhlDSIgsf+DR0GHGOTzooIa5k6fIlijZvWszpsOAYwg24WuwsCVSOVaASKRY1arFNG6bILN3E0GdqT6sErmZV2dJomzhS//nQ/Igoqkt1VH2m/bl2aNujbQZ0sOoRkQmxIDLsYUfyzVm+Qf1uvXgURYsCH+YZpnRLJGOWebFGljwZ8NIQDsIe+lSAndmeQfsSLQ1YZrGDNnERcI13pWPYQtkWfbMkDorjXv0McyqWU044vEGXfCgcr44ePohQBqwcRIOnOP1Abzd1gB/Hep/8YtLDRhYYL14oQe4VaeYNK0ro58xMJEze7TzBBBE/ZGFgEEDg4MKC8PngYA/0JVeQCvvxZ0EHLwH0BhPuNajghyDe4KCDNghQn4RNUVjhTQUcd9EfS9AQ34gJ1phDiDTW8MSJ9ml2QnMXGIAcH0PUYGSONt6I4/+IMjhxohy3pfAjkEK2QYYQPOzgw5I43ljHl0UAYWQSZNTXQpQirMgaUkZgWUMRYH6Z5Idf4pHHHXJmucMSXoGlmiIZGNCGFUIcwUMMeAz2AZ5KiqhgDHXoMYAAe+BRRw4y9JBEEzBxo0F+hwHZwVtkLJFDHUJetGiYjt6AQx15/AGdZV9iAccWVrQxR0dSTmmhB3G8RQSkDADUQp42RjorHB1cOoQTF6XBBAmp9apmYktYIUUScLYInQKXikljHXjwcdEblvqQRKFSaAHPCCxYKyoWUETRRBiQ2qGDHsjSeCoedqyaBRUENwEFFu+CGuqvHWhRLxj4xokDkkfCGUP/GGNwMcXGUbjrqcLXftDBFvWKAfGBI85w5MpZgiGGyVfEfHAH96m4cG46VEBGFfa+/AUYBOvJssrruvyzzFW442eFzTlAgFddPKzxFOsSbfXVBSOdaxsGfGrzijfxgRTP9iLRZtVCpy3E2mbbq4UBG6UorzLj8IKFw2WbvTbaO/S9d5tue8HEu9XO3XQzHdxNdhN6/10020gEjvCE8TKtTCKIK754445HHvjgvFaeJgekX76aQkxsgXfeZwPuuRZbTIvm16WbnhvqWJDMuusdKwE6aqPcbDvddfNiwBJL6A6Fu8hfRjPwIAtfj+kh7aKUHF04rEUX6lXgPOWW1z79gyWb6HKZ6l6krz7spRK+yOjiD395fxjooAYaXkytPxddqKGGDp6Cl+HkRz7nYCANbPAfGkhWNSpIoQz+85+0qPWdARLQFs1IQwQjiIYyeBANEUxgAtHgvvEt4wIHDCEbVihC/7GwhWpIw8c2c8HcZIAMLlQDC9fAwx7ykIUbJAP4LhcIADs=\" alt=\"\">', '2018-11-07 10:32:38', '0', '0', '3');
INSERT INTO `dnf_reply_post` VALUES ('29', '29', '0', '<span style=\"color: rgb(68, 68, 68); font-family: Tahoma, &quot;Microsoft Yahei&quot;, Simsun; font-size: 14px; background-color: rgb(255, 255, 255);\">可以是游戏、</span><img src=\"data:image/jpeg;base64,/9j/4QAYRXhpZgAASUkqAAgAAAAAAAAAAAAAAP/sABFEdWNreQABAAQAAABfAAD/4QMtaHR0cDovL25zLmFkb2JlLmNvbS94YXAvMS4wLwA8P3hwYWNrZXQgYmVnaW49Iu+7vyIgaWQ9Ilc1TTBNcENlaGlIenJlU3pOVGN6a2M5ZCI/PiA8eDp4bXBtZXRhIHhtbG5zOng9ImFkb2JlOm5zOm1ldGEvIiB4OnhtcHRrPSJBZG9iZSBYTVAgQ29yZSA1LjMtYzAxMSA2Ni4xNDU2NjEsIDIwMTIvMDIvMDYtMTQ6NTY6MjcgICAgICAgICI+IDxyZGY6UkRGIHhtbG5zOnJkZj0iaHR0cDovL3d3dy53My5vcmcvMTk5OS8wMi8yMi1yZGYtc3ludGF4LW5zIyI+IDxyZGY6RGVzY3JpcHRpb24gcmRmOmFib3V0PSIiIHhtbG5zOnhtcD0iaHR0cDovL25zLmFkb2JlLmNvbS94YXAvMS4wLyIgeG1sbnM6eG1wTU09Imh0dHA6Ly9ucy5hZG9iZS5jb20veGFwLzEuMC9tbS8iIHhtbG5zOnN0UmVmPSJodHRwOi8vbnMuYWRvYmUuY29tL3hhcC8xLjAvc1R5cGUvUmVzb3VyY2VSZWYjIiB4bXA6Q3JlYXRvclRvb2w9IkFkb2JlIFBob3Rvc2hvcCBDUzYgKE1hY2ludG9zaCkiIHhtcE1NOkluc3RhbmNlSUQ9InhtcC5paWQ6QTBDMzUyMTY1NDNGMTFFMzk2NDA4Q0YzMUZCQTE1QzgiIHhtcE1NOkRvY3VtZW50SUQ9InhtcC5kaWQ6QTBDMzUyMTc1NDNGMTFFMzk2NDA4Q0YzMUZCQTE1QzgiPiA8eG1wTU06RGVyaXZlZEZyb20gc3RSZWY6aW5zdGFuY2VJRD0ieG1wLmlpZDpBMEMzNTIxNDU0M0YxMUUzOTY0MDhDRjMxRkJBMTVDOCIgc3RSZWY6ZG9jdW1lbnRJRD0ieG1wLmRpZDpBMEMzNTIxNTU0M0YxMUUzOTY0MDhDRjMxRkJBMTVDOCIvPiA8L3JkZjpEZXNjcmlwdGlvbj4gPC9yZGY6UkRGPiA8L3g6eG1wbWV0YT4gPD94cGFja2V0IGVuZD0iciI/Pv/uAA5BZG9iZQBkwAAAAAH/2wCEAAEBAQEBAQEBAQEBAQEBAQEBAQEBAQIBAQEBAQICAgICAgICAgICAgMCAgIDAwMDAwMFBQUFBQUFBQUFBQUFBQUBAQEBAgECAwICAwQEAwQEBQUFBQUFBQUFBQUFBQUFBQUFBQUFBQUFBQUFBQUFBQUFBQUFBQUFBQUFBQUFBQUFBf/AABEIAEcAPQMBEQACEQEDEQH/xACQAAADAAMBAQEAAAAAAAAAAAAACAkFBwoGBAsBAAEEAwEAAAAAAAAAAAAAAAABAgQHAwUGCBAAAAcAAQQBBAICAwAAAAAAAQIDBAUGBwgAERITCSIUFRYhMSMXJEUKEQABAwMCBAQFAwQDAAAAAAABEQIDACEEEgUxQSIGUWFxE/CRsTIHgeEjodFCM3KSFv/aAAwDAQACEQMRAD8A7nd43HN+NmRXrcNcmz1/Ps9iCSs8/bslZSQXUdros2TJk0QKdd68k37lBmzbJFE6qyiaZQ8jB0UUmDD5NqJBpoym/wDGDmrxLparJo9X07fMMQUzGCI9OmmmE3OUqbuTKth7FSlOtMGbJFEfqUL0UVRGu2OvXCBh7VUp6GtFYsUazma/ZK7KITcDOw8iQqrd2zeNjqt3SK6RgOmqmcSmAQEBEOiisz0UUsvIrlNT+OilIhHtG1fXdF0hSxq0bI8QqSVz0ewwtKTaqzsqm2dPYxkiyhSP2gOll3RPrXRSTBRVUhDKi0hcBxrYuLbVnHILO4bUcqnjz9TmV5WP8ncY6gJyEnq86WYScVKxb9FtIxL+Kft1Wrxk7RIqkoQxDlAQ6SlravRRR0UUpHOnG7xvHFvSaBmB43/ZrV7nWmZuzmVyNIeb0HD7TCXaEjHi6gGTbISsnXkGay5gEEyKCcQEC9hUFCtNe3WCDzpEaQ0b8s7JZd34z8ktO4/cgmy0DG7Hxx0d85CTyzRYJmxb/r1hq0goYIshytUTmEG6qDwvdy29qavmZ7mg3HCo8cjm9LuP19DwP1rzGeTN64KW+wW6dpLXJcejkZS08qsWpzZaSxSOpoqf8ncMraNiLKQqMO6WT/fK4gmVMrdUsmVJNwQ4PsZCVJDgaxmh/wDom+P2mKvC1tvuOpsm8geMazVNz5pBxEs9KYwARp+0S9eeOPYUonJ4NhExf5AOudye6sHGk9n3NUiLpY1zkA5kgFoHmSBTRIHFBc+AuvolK3p/zh8GLByQ4f7pIWTWMWjKUpsuTaKls+aHp0PC57srGEmE59xJIPXyAt2Vko0QyVI39hxSdKqAXskPlNwd+xcxwY151GyFrv7IP1IHnWPJa5ulQWlQRqBC/MVUnh1oOaWzl5zMfYZfaNf8U2PP+KnKGuzObzzCx1GQ0C+trfTrG/TXjllkCrv2VBhTuCm8TicDKHL5HExtrWYFap10UtHRRR0UUuu0cV8Z3SQjrTaq86gNPrzJRjUNpz6TVo+wVBA3mYqLSdY+ty4aAsf2qRb4F2K5gAHLVYvcoqCnCmvYHhHBahTz8+TO5cA73YuKWyVFryzM9xNpd8p2BZvF0azVqe0AbTANYm4RY+UdMlFjGKHfvYtFuVdJwdIGSICHfQbx3LDtErYXxvc9zHOGkAjpIHUpGm5F/W1RpP4Uv6Lx+PX51Az4XU6vD8xzWa3/AIZKJpeQyYBO2AElWkE6nniTVBYTufIEzLKtCFBUfq+kf5/vrzz+Q88YmBB7jtIflBUVDpjeUTwBcCnKxq4fwfguzczNcxqluOETiNUjVAPIkNP04E11+RNszi/LJMGNjz23lX7NlG6TiKsSpWy/0n/wG9h/HxEe4du3VYQ7pGf9cw/7J/S1Xxmba+Nji+J9gT/kn6kWvUv+HCzS47FygcYNh7H49Nyz2Zg45C55RDlVy7T4YjuTaM0L7VXTWKhrUlIyTZ67bPmkemuDJU5mkk2clOB7nj7qzu0GwSNyXZELxdsl/A9DlcWoCGpqs5ekhKr/ALg/HmHlQY87HwmSaNz3NhQPgLSR7czUaC533NcnWEaC3qcOg7itui/IfFq/oMvAJVG7M5a20DUKag8/INapqeZyjuBsDNq4ECqOWYyTBVeOcKEIZZoogsYhBU8Q9BYOYzcYI8iL7HtDh6ELfz8fA156zMR+DM+CT7mOLT6gpbyPLypiepVRqOiijoor86T5leQ0VyH56bbZa+ZMlPpsoxyiAcEFNc0s3xsz6IeSpXRFVkzoSMwaQM0BIfA7YElR+tQe1T9xZsefuDywf6W+0StiXI9w08OnpvxVRyqBlSBfSqOfFpwn4/yFCkdp1bBoXV3WcUvjRYNdQm6me2vpuu7AnaJWXH8Q6Fw3dkp0XLw8mdJJqZVRs3ORJNZZRMp+w7P6seR5AIEzmssCmlrdRHm5xId/xTklbjdMUYbMeBigmBkkiEguMjnEBycdLQNPkfOrG4P8ffGrkFjUvcuQnFPA8UssZousNaPa+J98ZUqlyuQxUs7Gq2WPk6C5iGxiuoQUFj/kC+0xymVWQalUBk36Pddqw89GZEcM7dIPXGHIoUjraqtJQkWJCtJCGo22bhlYRMmPLNA5T9shCobHpKIRcA3AKEKtJjDxWyYvsCOTcbuUVj2Oen4DT9QzPjTywgnUyw0nAczOwOg8r2osWabiLfybd8c8O3kEXaCyaSiiv2nb2Gq/ffwpt+fE7I20PxHAordT8cuIJDXRuJ0qhPQ5pQWFqsTZfy3m4EwgzzHkgguvpjn0qAXNe0APSw62kXu69Vr+MMLJZeOcru1hp0lnLblXp1k5K0/P51yi6sNVoWhsIlKILIC2UVbprSTSPLJikU4imVwUiniqVQpe47Z2yXZtvgxZi0yMYji1S1VJsSAUCoFHKuQ33Nj3HMlni1aHEJqADkAAUgEgEopAJ41RXre1qqOiitR79R7hpmG6/nefWz9DvV5zW61OoXITuUSVmxz8c4as3hlGSiL1IqC6pTGUbKFVKHcyRiqAUQxys91paCQoIUcQvMeY5U+J/tuDkBQgoeB8j5HnXBts/wAYcrnmlw9f2Mly4t0Zm+i4iyIXiky+g0BCnoOUQdBT75ANXkJPJ/ZqqnapSKzZ6Qpkk3SKaoG6obI2zee23SGbCky3PkL/AHMctR7iiukicWviVAX6NbFXRa1du7t3Yu4Jvexs0YrTd8M4d0+LYpR0vBvp16XCy+NVA+J35Z+LGcTPI2P2WTfZBQb5yZv8hk+pSUYvLZc0yVi0hqxTIKwybP7s1QkoaFqzdE7KXKkURWMYFO5Th1bvb8sO340WBJIBkMCvDranvOt5aSgcNTjceFP7i7G3yeP/ANFFhvk22YDTLCkrYms6GNnbGXOgdpYCWyhqAgqhWrc59beLGjKzdtuOGRdUM4stgkIqxU5ubWsK12AknrpVpZ46ap6bysyYWBt2cukZJBJ2BzGIukcpCqH6EgixrgI3iRoe0gg3BFwR4rWzOXVgzjG88sXJd/b7ZR7AjSUqLBx9FjGK+g7BIzfvGuUuBZyEY9kQlpmWclbx6UcVNcVDh59wTKKYpROVKgVedeU4ATlur/HviDlUqvXrHDNuHGOy8VNVKIkl4yIrtbgoCLilntgXVPHSbmxJGO7I2QRSMiBFC93CZCuFAhKGnVeqF9JS0dFFHRRSsbpZJiRuVQoUC4egxgmZNHu7JisRFKxPHrr8NS60+E4EW+1np9Rw/XFuqXunFqIOO7dwdNXJG3Ub8Ki5cpjajShPx8eVK/rvEfgByY3qZz3Scsya0bWvU5eVsWjZo+NmvIGLkqAhVPvGVrnqo7iZlcTsLrCP2TR2b0mRW8hQ9RiCpHysaPMbplYHN8CAfrW77c3/ADe1Jve2zJlx5hxdE9zCV8dJGoHzUcqin8jnxU0z4+MCW3viDvXJTOZN/q1PrNmao36Pq9br7S+qOmDWVM+rUPASiKiEq4atvunC65xKsYvcBP5dafNx27XA6WLWAwLpDnEIOKNJI4eCVavae/5H5H3jH2zcxivflP8Aa958MMcmtwPtl87GNemvSHFxdYnShIIh5iu/7Jl++53yVstkukvdsZvszdVaraLAW6X6ah2Ea8ipyFibZcULIq2cmZSBnSJ1UHCKgHKU3gczc5tLHu5wZonzF74pAAJAei/+RaEaoPS4WIRQEJS1878XM7z2nccPa4sXD3TCkc+TBfHqyQIgVhZkyF05a9v8sLgXxS6gx7muazV3Hca7fBOEuK03kFvXnsktbDYc9ssWScn0miNnmmLa3VVVrF3F0vNN41tBQcgMSkkRAgNXSKrVsgyVBJPuHCvH0bhccwb+vP8AqvyqlHTayUdFFHRRU8ecNsbZEQ2tJwM3YYaHyq+WjdISKMUj1/huLgSVNKQImbqlXstbl5lJSJj1V0G7xq5kUlz+YN1W+SNxbwqNlRCRt/j4+ijnX0YLm+1W/VKnyR0BLGM1sMbS5LJrTRYOEb6jt0pmYAeRiYK3aI3dMWpncDYFlHqbJhHHbIis6IRdwLgXPRJY8EpMQlzB1L8fCeVORqeXULa86uWT6jWmFvz+/QL2t2quyQGBvIxb4vYfFRMxFm6qRwKqgukcqiShSqJmKcpTBjIWxqW1xYQ5pIIIIIKEEXBBFwQbgi4NxXJdya+GW0YNeK6aZsln2PhFY7nFM9CucLIkrm5YhQ44rlf76VH1HjHyrBqUzRnYWiJFE/eqmo3SIoBx5/G2BmG9wjP8DipjPAO5Fp8Dwc0qCE41dvcP5pye7cKGTPiA3nHAjjzo0bJLAQQ6PIaQQ57el0UzNMjXakLVrplxDhxjeARedQVFJbFYLI49eNzSCm7Ko4hKomswPEg6+zbEaNpN+nEKnYFlpIjh76DnTFwIKKeXQkrVHNjDbj4/fz401XSU+jooo6KKVDmHWa1c85o1TsUVBSp7DvuDxkWnPrHaoJpr2aP/ADSaKySqChVX9WCVYgl5+DgqxmqxFUF1EjuZxrBk/YbL/etQUvT5ekWGVeplBdo/kXIzsI6AWygKlVOIh4iAGbrI+Ql7CX+P6MH8B2mSMD60uPOcc24Vv+/cmqjR7nEZ+2q9vu1skKAjp0rF1Z1XmH6fTZCQRi493LKz0/CItwlXxnCTP1mP5mbrgPiJSAeI2Mu4VuZclkQBPOtH8ubBaLvwv0SIudda5Bbdbn6xjVNrktamVmfupTTrXHVuBKqvHexn75YXqaot26qoJFP9SgiU/i0hKysdrColP/0lPo6KKOiijoorXurN8td0CxNdpNSiZm5SYt7MbQ3LNlUSgs6QK0Fys/Om2ROD8UPtziYDAt6xTEFAKPQKQol6XWz8d61HuW7UOUGxUuNQbdmEDY7DSdLXQamEf+20apW2yuCiYB7e+ROAD37duszXPAtw9KhSQwOJLiF9f3rEFwPBgt0m0DcrAPIU1Jjpa4X79+rv+4ZXHplwVpGt30QEb+DZ18r2NMEYk1hUWyLr7pdr63jp8su0OcqjjWV0cZZpJ6fX0S/yr18Tg1VptooNo2nkJqWzTkTakm+UN9xs1Xr8Ixvr9o/TQNHQ9Vr1QipeTCPUclandtnC6ZSnUREpwOoLFJrMGhv7/vTadJT6Oiiv/9k=\" alt=\"\">', '2018-11-07 11:42:28', '0', '0', '9');
INSERT INTO `dnf_reply_post` VALUES ('30', '39', '0', '顶顶顶顶', '2018-11-07 14:39:38', '0', '0', '1');
INSERT INTO `dnf_reply_post` VALUES ('31', '2', '0', 'dddddd<img alt=\"\" src=\"data:image/png;base64,iVBORw0KGgoAAAANSUhEUgAABjcAAAKUCAIAAADHG/07AAAAAXNSR0IArs4c6QAAAARnQU1BAACxjwv8YQUAAAAJcEhZcwAADsMAAA7DAcdvqGQAAHYJSURBVHhe7d3PrezGlQfgCcRLReEQvFIULwAtlMHstRTgBCYCbQRHItgZeGF4IRgwoLn39j+STTZZ1VXkKdZnDDCSXrF4+B3eYvP32Lz/84f/ESBAgAABAgQIECBAgAABAgQIEDha4H+OLsD+CRAgQIAAAQIECBAgQIAAAQIECPwhpXISECBAgAABAgQIECBAgAABAgQIHC8gpTq+ByogQIAAAQIECBAgQIAAAQIECBCQUjkHCBAgQIAAAQIECBAgQIAAAQIEjheQUh3fAxUQIECAAAECBAgQIECAAAECBAhIqZwDBAgQIECAAAECBAgQIECAAAECxwtIqY7vgQoIECBAgAABAgQIECBAgAABAgSkVM4BAgQIECBAgAABAgQIECBAgACB4wWkVMf3QAUECBAgQIAAAQIECBAgQIAAAQJSKucAAQIECBAgQIAAAQIECBAgQIDA8QJSquN7oAICBAgQIECAAAECBAgQIECAAAEplXOAAAECBAgQIECAAAECBAgQIEDgeAEp1fE9UAEBAgQIECBAgAABAgQIECBAgICUyjlAgAABAgQIECBAgAABAgQIECBwvICU6vgeqIAAAQIECBAgQIAAAQIECBAgQEBK5RwgQIAAAQIECBAgQIAAAQIECBA4XkBKdXwPVECAAAECBAgQIECAAAECBAgQICClcg4QIECAAAECBAgQIECAAAECBAgcLyClOr4HKiBAgAABAgQIECBAgAABAgQIEJBSOQcIECBAgAABAgQIECBAgAABAgSOF5BSHd8DFRAgQIAAAQIECBAgQIAAAQIECEipnAMECBAgQIAAAQIECBAgQIAAAQLHC0ipju+BCggQIECAAAECBAgQIECAAAECBKRUzgECBAgQIECAAAECBAgQIECAAIHjBaRUx/dABQQIEEgU+OXb/1z/9+2XtU1/++nPf/7pt9lR92nWZ7kPfZrr8idLu/jjj+uWywPWDuDjzz+O4WMfjyov/z74DxvmMIQAAQIECBAgQIAAgfACUqrwLVIggV0FLrf/k0Rha5jxtfFz4HGNFDakCvlRyK5ISTt7BEq3YGnz/1/MjraLvhz52y/fvsKelyHT5WDXOvNiiqeUak3kOc+6H8Xtj25TvBV9JbXRYAIECBAgQIAAAQIEdhCQUu2AbBcE2hF4igM+S5/9jzPHtJiIPP7gdarwRhQyKWdryTt0Zi2TeZFZLaVU20OqYb70GSA+tlyLysadWvZcTzALpFTTUOr27+uPgO3QYLsgQIAAAQIECBAgQKCYgJSqGKWJCJxA4B5GjG7/14OIUZb19TTVxjhklIW8E4WM8YfJUMwkY2twN46Z1qKl4Z8PjvuR/n27Pzy1NtW1M8t9vMy/mME9dr+UUj0llrd9Tf9g8UmqV8cQs+0nWCMcAgECBAgQIECAAIGaAlKqmrrmJtCawOAZlY0x0z0MmERZGze/BBIFopCJdKBnqWbPgYSQajkIeh00jWOaj/YkhIeP7++9bs2LLn/t/jnD+vzPa0+XTVKqrJDKK6taW3vUS4AAAQIECBAgQOBTQErlPCBA4CYwepJqY8x0zUJGGdXnpk8vun71quv3opAWG7j83cbno1kLdRbCqtcPEw3IB6HQx66WIqKnvXzM/6qyYinV9OuNaSdmiyeHmgkQIECAAAECBAj0KyCl6rf3jpzARGD+635bnkoaP0c1eonQzOalo5D4jczKmZ6eUtv2pvCnLo4zwwvWzKNcC093zU73lVh9++nye/bGL8Ufj59/liqpYYMpvkQGO9j2TdSkvRlMgAABAgQIECBAgMChAlKqQ/ntnEAggekzK5M840VGMvt0y2X80+9im33v9XtRyGGGS+9ReirouJRqrqmDdo2et5rNqZZbc3+4av7dYgvvpXo+Vz43fwK6zzl9w9jwhJJSHXbq2zEBAgQIECBAgACBSgJSqkqwpiXQmsDomZWN36q6PUgzHz0MXkA0SEPmntgqEIVMuB9HM/3i23Otue/Znj7ls9zxUTR3K+D5O5HjYG/+WapXnfnafmo5rnJzY297fxEgXl88Neabae/o7elpKdV49OBXFH4dqpSqtUVGvQQIECBAgAABAgTWBKRUa0L+nEAXAqM4YJAGrP0muPHXvUaxwWJQ9PR81VOyMvkP1zd/Pxoxl3SN2zS781cRTU5Ulfws1egrazulVB8uwweqtj/WdalvJaW6DJgJIccvu7qdRn/+6ZfL1wQHb616PEs14BkHbrcvFt6/Y7jy+wW3fTeyix9sB0mAAAECBAgQIECgLQEpVVv9Ui2BOgLj7OLpy1qv3ny+lB1tiUNuaUKBKGTiMpNSrRVUMdqYfZbqOQCs8izVBeYR9A0ZZg/53ozZpOhR9cdZMvMdwVFyN/NFvmtKNTj45W/8TVPF2x5vZS92tGIr6/z8mZUAAQIECBAgQIAAgYuAlMqZQIDA9LVAT981m/7it1myySNS275bNnlgZ+4Xya1FIS+Luedrw3KGIcYg6aiXbdRIqQbPL43k158zWz3hh8+uLbfxMzP65dvtBeq3U2RUyyRG+gRO+sbfZPvLA1g/fb3w7Bq9zT/rV6+Tq3YGECBAgAABAgQIECDwjoCU6h092xI4icAlOvj27dv4V7aNn6p5fazDZ2g+//n+3a7hr4EbpDWjZ27eikI2pVSDPUy/2/eIQqqFGzXeS5WSUl0acgt3BvTDLoyKvKO+bM0kKvosaT4x+zwJ5nXn93rd/eREWuxcztc1T/Kj6zAIECBAgAABAgQInEtASnWufjoaAnkCH1nBR4gwTQzWviP3iB6es4xbcDCac/gvH5vcc4u3opDElOopLGk0pZp5imj27enDJOly7Hkp1eLr1AdP4n2MmTxRN9j7+IXnqy88ezw4tfh02L1zUqq8H3tbESBAgAABAgQIEAgnIKUK1xIFEThA4Ldffhn8zrRpwvQiUbhmPs951mSOhVcuXQ919b1Ug9/n9vni7ZkoZII2fS9VwGep9nsv1STNKZ1SjV6gXjal+urqekr1TCm3OmAVscsTCHz+ABf66bmuBYVmO4GtQyBAgAABAgQ2CkipNkIZRqADgZffvrof/+ybnC7/8fl+5JYwjH8p23TchpRqLQpZSalG70MaPE619LqqTd0efWvx1RY13ku1/Vmqqe4gSFr6xt/nkPGDV/ferrz3aiWlGijNPKk3fz8rpdp0NhpEIFvg6Q1wy4+3XhaetW9HD7cXU2X3xYYECBAgQKBTASlVp4132ARmBJ5TqkdacR2eePMxyXEm3/hbTj7So5C1lGr4NNb8s2HJ91KDO7uVbSu/l2p07KuJ3/DJqlcp1SV0XJ1uAX5wF3vd4dw76//800+3d6F9u/zDzN2vlMpqdWKBx5K6lvxUQFj4Uvf0rYJLz31+VbThi+FzK+4BR1sB0JQECBAgQIBADQEpVTHVx0fNbTe7L76zFPltK6mHWczXRDsITFKq8V+nD1+NPfvY1KXA+9k7/IVutxuSaUp1e/6qQBSynlINEpeXN13bod97luqxUIznecoK17/fOCh5+lXHR8w0eTZqlEF9/tlgv5eCxq+5mvv1i09Us+vDOKV6FDh6UdXnbwz82uvzM3nrKdW2NXd7Y40ksJvAoSnV7CNTw3R6miXNrHlSqt3OFTsiQIAAAQK9CEip3uj02iPxg7u6p781XNp2/le132Y65F7sncN8Q9emBwjMfeNv9hZkckIv3OqMAqtRhDVIvEpFIVtSqnGMdvux2uHv9LPu4+4/7q9TqqW5r4d1783k5eVPL1IfplSXOb8KWP75v9Y3v/9pJHYJvWaePpucc5MM66tjUqoD1gK73Evg0JRq+iDU0y+0kFLtdR7YDwECBAgQIPAQkFK9cTa8Ed8s3rR+fCR8MW35lGpuZ1sSiPmvTO1wu/9Gv2y6KjCXUl03mp6y43PxZQrz/N2v4enzfhSyeljHD6iZUi0sGNOQavjS+cf36oZPRkwnmgmaRj/3r96xP3147vGA1Ode5r77NzihPrWG55eU6vgzWAXVBI5Nqa6H9fSI1NJzoi+epSr/+aSauYkJECBAgACB2AJSqjf6M/m4dv3XUVIz/0nvxS3r4zUtczlQyU+BL8KwcdiUfZhv0Nr0GIEXKdVcWPU4H6dP+wzOrtkfiMfZXSIKOQYrZa/rsIPZUr/xN/OjPF4pvgYMMqVBS8Y/3cOV6TboKSJa/g8zz3w+altavDbQSKlSzjVjGxM4NKVa+DCS9V6qyXfC5/8qa/Y7vY11TLkECBAgQIBAbQEp1RvC8/HN6K0qcynV+GtQ1xG3W7jh/djln6s8n/T60Y4tKdXqYb4Ba9OjBDYkBl+lfY5bPTGnT8RcDmocqcyd9+NhTyMO/frrUY2xXwIETiqwlFI9X6Wf32T39ILAmclezbP05nMp1UlPNodFgAABAgQaEZBSvdGomQjqGix9++W38S35445+8mzB/V8vI4aPpMy9oOWNah+bTh69mDzj8PGnL1OqR9Lw5xeHWaRQkxAgQIAAgTMLzKZUS886Pz3iuPDl2NvfIqzNs/gs1fUjzBb44V9ubP1uc8nnwrfUaAwBAgQIECDQlICUKr1dWz+GzTzvPnh/8ezv95o+yvL1CXP1mZXEQxjW/+Kj4ruHmViV4QQIECBAoDeBpJTq8YHgcYWee8RqJs2afCIZfrB470uHz4/gTh4R/+roxg8evXXf8RIgQIAAAQJzAlKq9PPi7fjmt5++PR6c+vyo+PGR7v45c/jPo0er1gqd+3Lh3DaD8l/+debbh7lWsD8nQIAAAQJ9C2yLiJ7f8DZ+d8Cn4fpb4ObHDB64mvu1BwsvmLrHXLN/uzb8DarDB7o8RNX32e7oCRAgQIDANgEp1TanmVHjN/rO/d3h4FPjzPNQWz5QTt9J/aLYjPBp08fFdw8z29eGBAgQIEDg5ALb30t1SX7uF+5pTLXwmWLpL5ye5xm82XzD31ItplTXfj1NUfqx8JOfFw6PAAECBAj0LCClyu3+5APi/EukJm+dGu7rvsHHR8UNHwgnH09fpGavPwnO/KXpS4F3DzOX13YECBAgQOD0AnMp1avPBM+/WvX6WoDhh4qlpGjwXNR1ntk3V43/Cuv1X5c9/ibrp69f+LL1f0Kr05/aDpAAAQIECGQLSKmy6OaznvlXn39+ZHv6ODYOtYqkVNsOJCmlevswt9VkFAECBAgQ6FFgcJl9/oWmg7RoJoN6/AXX50eM5yxp9uGqyTyXf/3zt2+TgGn4oeV1SvX401+kVD2ewY6ZAAECBAhUEJBS5aAuf7vu/gvyRsHT82/Re/xt4/DT5erfQW76jt7LI0pJqd48zBxZ2xAgQIAAgVML/PbTT79cDnD4JNPTV+jmvt238Dv9vv0yEyU9LuFz3+77+m+X/f/5p1vA9FHD5VPM6t+dPUVqj0lWP8l8DfAs1anPcQdHgAABAgTeEpBSZfJdPsLlpEaTD38vP6klvJdq63EMdr/hQ2L+YW6txzgCBAgQINCRwMq37F4nRKOPHY+3Cvz58jDU3DNQ86nRZZ7PCT7+6em3r2xOqeae8Xq08vkzzO2/5Hx66ugUcagECBAgQKBvASlVbv9XP8ONPxjePzpOP56O/vp0+rmtQko1fgnW6gfF3MPMZbUdAQIECBA4s8BzSjX+O6OZFOvbt6+/GXv6y7HJ0PElfcs8v/3yy2+PZ7pm/+7q1QeR1yHV09cQa3ymOfOZ4tgIECBAgECnAlKq3MZnxzeXz43fbu8ZvXwoXPgiXpVPdJMPrtNPpfcvLX7JZB9mrqvtCBAgQIDAiQXGF+HZZGg05DN7WoqDngaO3TbO8/Qs1XCWFx9E7lUNDmLuU8P1jz++Tpj9GPqJzweHRoAAAQIECEwEpFS5p8TosfXbJ7zBix6uXwec+ez38THtI5ka/8Fvvw1fA/H0eooN3817fmJ/+chmv24wePZr5vPm8pGN/mRLobnitiNAgAABAgSKC4w+kGz9y6lvv3x8brl80XD0DNfM9j4aFG+ZCQkQIECAwJkFpFS53c1PqS57nP2ry+srIu41JTxLNfhcuPo1vs/5X30OlVLlnhW2I0CAAAECjQlkplRfR/nxYeL1Fw1FVI2dDcolQIAAAQKHC0ipcltQJaWaFPN4MerX1wJf/+/lE/sLm668w3UQZnmWas3fnxMgQIAAgRYFcj4/tHicaiZAgAABAgSaEJBSJbdp68Pws79W5/E3jksfCmeDowP+KrLQYSbz2oAAAQIECBAgQIAAAQIECBDoU0BKldz3QvHN4l9dBnmlQ6HDTOa1AQECBAgQIECAAAECBAgQINCngJTqqL4vplRPD1Ntes3UUYdhvwQIECBAgAABAgQIECBAgACBIgJSqiKMJiFAgAABAgQIECBAgAABAgQIEHhLQEr1Fp+NCRAgQIAAAQIECBAgQIAAAQIEighIqYowmoQAAQIECBAgQIAAAQIECBAgQOAtASnVW3w2JkCAAAECBAgQIECAAAECBAgQKCIgpSrCaBICBAgQIECAAAECBAgQIECAAIG3BKRUb/HZmAABAgQIECBAgAABAgQIECBAoIiAlKoIo0kIECBAgAABAgQIECBAgAABAgTeEpBSvcVnYwIECBAgQIAAAQIECBAgQIAAgSICUqoijCYhQIAAAQIECBAgQIAAAQIECBB4S0BK9RafjQkQIECAAAECBAgQIECAAAECBIoISKmKMJqEAAECBAgQIECAAAECBAgQIEDgLQEp1Vt8NiZAgAABAgQIECBAgAABAgQIECgiIKUqwmgSAgQIECBAgAABAgQIECBAgACBtwSkVG/x2ZgAAQIECBAgQIAAAQIECBAgQKCIgJSqCKNJCBAgQIAAAQIECBAgQIAAAQIE3hKQUr3F19bG/1Puf20duGoJECBAoEOBchc9MxEgcCqBDtdDh0yAAIGGBKRUDTVrU6mHf4jYVKVBBAgQIECgssDhF0QFECAQU6Dy2mN6AgQIEHhLQEr1Ft+xG8e88M9WdSyUvRMgQIBAhwINXSWVSoDAngIdrocOmQABAg0JSKkaatYfe16/q+6rJXS1EiBAgECbAlUvZCYnQKBdgTaXNFUTIECgFwEpVehOt3v5T6o8dA8UR4AAAQJtCiRdiQwmQKAfgTaXNFUTIECgFwEpVcROV/qUUPBQK1X4MW3BIk1FgAABAj0LTC5VPVM4dgKdC1gNOj8BHD4BAm0JCAWi9KtU7nP48ZzmQA6XVAABAgQIvCPgvvQdPdsSOJOA1eBM3XQsBAicXkBKdXCL38x0Dq5+2+57OMZtEkYRIECAwH4C7kv3s7YnArEFrAax+6M6AgQIjASkVMecEHnBzTG1Vthr54dfQdSUBAgQIDAVcF/qnCBA4CJgNXAmECBAoCEBKdXezUoNaPaub/f9Admd3A4JECDQhYD70i7a7CAJbBCwGmxAMoQAAQJRBKRUO3UiKYvZqaZ4u6EUrycqIkCAQKsC7ktb7Zy6CZQWsBqUFjUfAQIEKgpIqSriXqbenrxUL6WdHUBrp1cqJUCAQFAB96VBG6MsArsLWA12J7dDAgQI5AtIqfLtVrfcGLWsztPzAIY9d9+xEyBA4B0B96Xv6NmWwJkErAZn6qZjIUDg9AJSqiot3pKtVNnxeSdFet7eOjICBAhUEXBfWoXVpAQaFLAaNNg0JRMg0K+AlKpw74UphUHH0+GtymtyAgQInEnAfemZuulYCLwjYDV4R8+2BAgQ2FlASlUS/HWGUnJP3c+FuvtTAAABAgRWBNyXOkUIELgIWA2cCQQIEGhIQEpVpllCkzKOibNgTwQznAABAh0JuC/tqNkOlcBLAauBE4QAAQINCUipCjTrRVZSYHZTrAnwXxPy5wQIEOhRwH1pj113zATmBKwGzgsCBAg0JCCleqtZ8pG3+IpurBdFOU1GgACB5gXclzbfQgdAoJCA1aAQpGkIECCwh4CUKl9ZLJJvV2dLHanjalYCBAg0KeC+tMm2KZpABQGrQQVUUxIgQKCWgJQqU3YpEMmczmblBLSmnKWZCBAg0LCA+9KGm6d0AkUFrAZFOU1GgACBugJSqhxfOUiO2r7bzPZo3xLsjQABAgSOFHBfeqS+fROIJGA1iNQNtRAgQGBFQEqVfIqIP5LJDtpApw6Ct1sCBAiEEHBfGqINiiAQQMBqEKAJSiBAgMBWASnVVqnLOMFHmtfRo/Xr6A7YPwECBA4TcF96GL0dEwgmYDUI1hDlECBA4JWAlCrh/BB5JGCFGaprYVqhEAIECOwq4L50V247IxBYwGoQuDlKI0CAwFRASrX1nBB2bJWKN07v4vVERQQIEKgu4L60OrEdEGhEwGrQSKOUSYAAgU8BKdWm80DMsYkp8CAdDNwcpREgQKCKgPvSKqwmJdCggNWgwaYpmQCBfgWkVOu9F3CsG7UwQh9b6JIaCRAgUEzAfWkxShMRaFzAatB4A5VPgEBfAlKq9X4/pxvr2xgRUkArQ7ZFUQQIEKgi4L60CqtJCTQoYDVosGlKJkCgXwEp1Urv5Ron++HQ0JM11OEQIEBgScB9qXODAIGLgNXAmUCAAIGGBKRUaSlVQ61VqvuWA8+B//u///vf//3fAwuwawIECLgvdQ4QICClcg4QIECgOQEp1auWee6muRN6S8HaukXpzTEfEdWH85uT2JwAAQLvCEip3tGzLYEzCVgNztRNx0KAwOkF3EYmpFSnPxv6OUAfVvrptSMlQKBbAUt9t6134AQmAlYDpwQBAgQaEpBSLTbLEzcNnceppWpuqpjxBAgQaE7AfWlzLVMwgUoCVoNKsKYlQIBADQEp1daUqoa+OQ8U8HnlQHy7JkCAwA4C1vkdkO2CQBMCVoMm2qRIAgQIXASkVFKqTn8WfF7ptPEOmwCBbgSs89202oESWBGwGjhFCBAg0JCAlGq+Wb4R1tBJnFeqFue52YoAAQKtCLgvbaVT6iRQW8BqUFvY/AQIECgoIKXalFIVFDdVHAEfWeL0QiUECBAoLmCRL05qQgKNClgNGm2csgkQ6FNASiWl6vPM/zxqH1n67b0jJ0CgAwGLfAdNdogENglYDTYxGUSAAIEYAlIqKVWMM/GIKnxkOULdPgkQILCTgEV+J2i7IRBewGoQvkUKJECAwENASiWl6vfnwUeWfnvvyAkQ6EDAIt9Bkx0igU0CVoNNTAYRIEAghoCUSkoV40w8ogofWY5Qt08CBAjsJGCR3wnabgiEF7AahG+RAgkQIPAQkFJJqfr9efCRZdj7//zw3T//9N0/f/jb7Alx/dPlAeOt/vH7X77718//2Hpu/f2v//rLX/87O/rXHz+r2rrfrTs0jgCBHgQs8j102TES2CJgNdiiZAwBAgSCCEippFRBTsUDyvCRZYD+mSt9hEHz0dI9KvoMjH78z8tePfKsP3337183tPUjorrkUHMz//fXH29/+v3vf98wmyEECBC4CVjknQsECFwErAbOBAIECDQkIKXalFJ9XNsaaqpStwhMPq903+K//fsrKprLla5/dH2maf2xpmvgtRQ8PXdnEGz9+J9HaHWJrpb/b+nxqy3tv43578/fT3aR8AhYyo5Kjx0i34lWAsTSNZiPQHQB96XRO6Q+AnsJWA32krYfAgQIFBAQviwiup4VOL8CT6G/9+YMn356RDbXDOgeUX0+yrT5e3+DYGvhK4STU+M+879+uD88JaWa//l5TtbuXdv08Frgn0qlESgrYJ0v62k2Au0KWA3a7Z3KCRDoUEBKJaXq8LT/PGSfVzakVI+w6RZ/DB7heR0/DR6J2hidfARVnyM9S3VvzIVi8sjY6NuX0yBvSj07Q6c/8Q67RwHrfI9dd8wE5gSsBs4LAgQINCQgpdqaUnX/jbCGzur1Un3db2g0/yzV62/bLb9J6j7z45GfvK/mDeKqwbfwPoKz0i+oeuyo9MzrZ+LiiCW9F6/9usZ8tynf9X+jeJsSCCLgvjRII5RB4HABq8HhLVAAAQIEtgtIqV5ZuaRtP5PaGqmzk349/YK/2dce3Z/c+f5fX69aX/nVe5sfp/rMU6ZPZj0KuEdUtWKXllKqzc+y/fFHLa62ftRV27eApb7v/jt6Ag8Bq4GzgQABAg0JSKkSUiqPUzV0Zr8o1YNUTzi3X/B3fSfU5ZGij6eWXr2Ney5aGk08en3S8uNUj2GPoGopi5mJrpYbfRu8+iTXbEp1/2LdZfPh9+zGE07DoOWRC2/1mn6tcum1U5dv843eNL9w8K9nGBc8pzT90uXTafD8rcNxyDg1mX0sbrQX730/x+Ia7ijcl4ZriYIIHCRgNTgI3m4JECCQIyClWlFzVcs5rWJvo6dP/bkEJd///uvXi5DKfKVu+psBl99ONX7V+ub3Uq287mqQpKyMXE2pnkOZQVA1TGT+8/QbA/85SPqKpFSjvGzh9y1uT6l+/+H2TNztiF5v+3nmLDVos8nnw3Ezb9cSVMVeN9uszmrfZt9UTaC8gNWgvKkZCRAgUE1ASpWWUnmcqtqpuNPEHqSagb7mDj/+5/oP92epJi/nfry26ekbgtNZZ8KOV29bfzwk9e9fp/HW49cOTl+V9TrXKPUs1fdfyd3ie8pf/Ma9yZciy6RUw6/yPaoaUWxNqYYH9fzI2JL2cow4993Meb3Zng7ePrbTamA3pxdwX3r6FjtAAhsFrAYboQwjQIBABAEp1XoX5BrrRo2M0MrZRl1DjY+cYjWl+vnHj3zhI01YS6keSdO/rt8i/Ex5Xj7T9PiC4fAF4bPJxT2FKZNrvH6Wavi80uAJoJlEZvRk0/DFXtcIaWNKdenRylulZqOi11+7u/V++ZuYs1+oHAaI8z/nz9/ZHO3iVtX4Jf23WG34UNXr3xrZyCKjzFAC7ktDtUMxBA4UsBociG/XBAgQSBWQUq2LPUcbnqhaV4s3Qh+XejL36M3HY1O3rwFe31H19U3AbSnVYMLPMOIRT6y+ImrrabPyzqyt01zGraRUw8eUXr7TffIar0f+cn0GrWRKdTvCye9nHMZ2SznXoDvj32m49l3Lx+Qz39cbvUp/cgJci51/m37C++DT2mo0gT/+cF/qLCBA4CJgNXAmECBAoCEBKdWmZgk4NjEFHqSDL5rzMqUaftNtW0r1/Krs2Zdnjwv6rOGRYQ2+rHfbdvgyo5X3TKWeh6vvpRpMeE+F1n/z4NO0NVKqr9KG35F8ZGrrKdUkNNyWUk1ysdF3924PQ83veuF3Pi6wpHbReAIzAu5LnRYECEipnAMECBBoTkBKtbVlYo6tUvHG6d3rnhRNqdYSk4VXs9+iisvTPadIqV48SzWKh6a/4+/SrIWM6R+///y3527OPrv0Rko1fsZquL9H0jR4xOx+pFKqeKtf5xVJqTo/ARw+gbuA1cDJQIAAgYYEpFQJzRJ2JGCFGaprCa2YeS/V8E3q689SDR+0GT/xNEivZr73d//TS/bRZkr19cauq/bwuaS5X593x1kSm//S3E1mZDt6BmruWarxVxGX33g1nzB+HtGvP14P7RG93Xc0/hWNLyI2z1Il/CgaWkbAfWkZR7MQaF/AatB+Dx0BAQIdCUip0pot8kjzOnq0fm3pwOx3uOZ+195KSjWa5/lN2C/ek33PL65b3YKPxwvdvwKg2wyfGc3nPy8/8jOJupYVnp8jm8Yx40zt1Tf+5n4V4OVl89f9L73O6bbhMHt6LuzrT4cvZZ/5zYP/HLAvzPDqvewvfl/hU0r1au++8bfl586YHQTcl+6AbBcEmhCwGjTRJkUSIEDgIiClSj4TBB/JZAdtoFMb4YukVPO/wW1cwVKMdQ81rjHN8BtkS++luox58VvhBpHQi/dYlUyp/vLjv//ylN2MKpzJmIZp4PITUvffkPgypVp7z9Rl/pe/PXBx/lvWNncIP3z1YtAOKdXGHz3Dagu4L60tbH4CrQhYDVrplDoJECAgpco8B2bjD7/4L1OzzmYiqu2uL1Oq8Tf+Pl8a9fm/6ybXCGaSXLx4xGn4nbLvbq9Lv28+finVn777TFUWUqpLDjL8lXZPxzv42uCyRdGU6q//HT/rNJeOjay+Bsy/l+qz5PHrzGe/JHh7efmC+dwML1OqL6mnZ77Gzk+H4L1U23/YjNxXwH3pvt72RiCugNUgbm9URoAAgScBz1JlnhSCqky4+ptpTb7x6nup/j6Omb5SqknItfIL+Ma5yWf8cf8vX48CPWa7PBm0kFJdhhX+ZX9ZcOuhT9a0NiJA4H0B96XvG5qBwDkErAbn6KOjIECgEwEpVX6jl9IQD1Xlm763pY6853ePhEbPT/37h8+nlr7+7+OF2aPnaO6P2NyjpU2x0fD1UsMvoH1kXk+/F2+UUo0TrrX3Ur2LsXF7KdVGKMMI7C/gvnR/c3skEFPAahCzL6oiQIDArICU6q0TQyzyFl/RjfWiAOfss1Q/D986NEypHr9O7mPXH0HVpojqq8qPZGf0JbKv/d42/3hca/D9teGzVOPntl5+3a8AxsYppFQboQwjsL+A+9L9ze2RQEwBq0HMvqiKAAECUqpa54B8pJbstnlf+HuubRuhUfkCUqp8O1sSqCzgvrQysOkJNCNgNWimVQolQICA3/FX6hwQlJSSTJoHexKXwTUEpFQ1VM1JoIiA+9IijCYhcAIBq8EJmugQCBDoR8A3/kr2WmhSUvPlXKh3o7YjAgQINCrgvrTRximbQHEBq0FxUhMSIECgnoCUqrDt6/Tk8qeFd9nZdKvCnXk4XAIECBCYF3Bf6swgQOAiYDVwJhAgQKAhAYlJlWatJimyqlR3pKlixhMgQKBzAfelnZ8ADp/AXcBq4GQgQIBAQwJSqorN2hKsiKteN4BhxRPU1AQIEDi1gPvSU7fXwRFIELAaJGAZSoAAgaMFpFTVO7AxZxFXTTqx0a16/+yAAAECBNoUcF/aZt9UTaC8gNWgvKkZCRAgUE1ASlWNdjzxxsyl8xdXUdrpdLQbAgQIdCDgvrSDJjtEApsErAabmAwiQIBADAEp1d59EMQ8izPZ+yy0PwIECHQg4L60gyY7RAKbBKwGm5gMIkCAQAwBKdUxfUjKZe6Dj6m1wl47P/wKoqYkQIDA8QL//NN3l/87vpSvCtyXBmmEMggcLmA1OLwFCiBAgMB2ASnVdqsqI/Pymua+GNjJYVY5RUxKgACBFgTuEVWcrMp9aQsnjhoJ7CFgNdhD2T4IECBQSEBKVQjy7WneyXGG275dyLsTnOZA3oWwPQECBHoSeE6pDo+r3Jf2dAI6VgKvBKwGzg8CBAg0JCClCtesUilP7etxK3WGa7CCCBAgcEaBFynVUV8DrH0dPGMbHROBcwpYDc7ZV0dFgMBJBaRUaY2tFM2Y9iiBtPYbTYAAAQLLAqtB1c6vrHJf6mwlQOAiYDVwJhAgQKAhASlVWrOOClPst5JAWvuNJkCAAIE1gThZlfvStV75cwK9CFgNeum04yRA4BQCUqq0NlbKSkx7lEBa+40mQIAAgW0CW7Kq2o9WuS/d1iujCJxfwGpw/h47QgIETiQgpUpr5lFhiv1WEkhrv9EECBAgkCiwJa5KnHLrcPelW6WMI3B2AavB2Tvs+AgQOJWAlCqtnZWyEtMeJZDWfqMJECBAIEvgkKzKfWlWr2xE4IQCVoMTNtUhESBwXgEpVVpvXeTSvOKN1sF4PVERAQK9COycVVnwezmxHCeBNQGrwZqQPydAgEAgASlVWjNc5NK84o3WwXg9UREBAn0JbMmqiryyyoLf14nlaAksC1gNnB0ECBBoSEBKldYsF7k0r3ijdTBeT1REgECnAlviqndoLPjv6NmWwJkErAZn6qZjIUDg9AJSqrQWu8ilecUbrYPxeqIiAgS6FqiXVVnwuz6xHDyBgYDVwOlAgACBhgSkVGnNcpFL84o3Wgfj9URFBAgQ+KNGVmXBd2IRIHARsBo4EwgQINCQgJQqrVkucmle8UbrYLyeqIgAAQJXgS1Z1fZXVlnwnVgECEipnAMECBBoTkBKldYyH3nTvOKN1sF4PVERAQIEpgJb4qpVNQv+KpEBBDoRsBp00miHSYDAOQSkVGl9dJFL84o3Wgfj9URFBAgQmBd4M6uy4DuxCBC4CFgNnAkECBBoSEBKldYsF7k0r3ijdTBeT1REgACBVwLZWZUF34lFgICUyjlAgACB5gSkVGkt85E3zSveaB2M1xMVESDQo8CW7CljzJDSgt/jieWYCcwJWA2cFwQIEGhIQEqV1iwXuTSveKN1MF5PVESAQF2BjKyn9U08PVH3lDI7gdYEfPxrrWPqJUCgawEpVVr7XeTSvOKN1sF4PVERgfMItB7unKx+C/55frQcCYH3BKwG7/nZmgABArsKSKnSuF3k0rzijdbBeD1REYFMgZNFKg6nhsBwzc88z2xGgED7Aj7+td9DR0CAQEcCUqq0ZrvIpXnFG62D8XqiogYEasQH5iSwg4CUqoH1RYkE6gv4+Fff2B4IECBQTEBKlUbpIpfmFW+0DsbriYpGAjvct9sFgQgCNX7yn49LSlXD2ZwEmhPw8a+5limYAIGeBaRUad13kUvzijdaB+P15LCKItyoq4HADgKH/YwdtOM7qQX/oA7YLYFwAlaDcC1REAECBJYFpFRpZ4eLXJpXvNE6eFRPdrgVtwsChwsc9fNlv7MCFnwnBgECFwGrgTOBAAECDQlIqdKa5SKX5hVvdA8dPPxGXQEE9hGIt8CoKJZADwt+LHHVEIgqYDWI2hl1ESBAYEZASpV2WrjIpXnFG122g/vcitsLgcMF4v0oq4jAukDZBX99f0YQIBBVwGoQtTPqIkCAgJTq7XPARe5twoMnOPxuXwEEXgsc/BNi9wROJOCSfaJmOhQCbwlYDd7iszEBAgT2FfAsVZq3i1yaV7DR8hECE4FgZ6hyCBAoKeCSXVLTXARaFrAatNw9tRMg0J2AlCqt5S5yaV7BRstoDhQIdi4ohwCB8wu4ZJ+/x46QwDYBq8E2J6MIECAQQkBKldYGF7k0r2CjD8xo9tx1MHXlECBA4BgBl+xj3O2VQDwBq0G8nqiIAAECiwJSqrSTw0UuzSve6LJpUbzjUxEBAgQIXAVcsp0KBAhcBKwGzgQCBAg0JCClSmuWi1yaV7zROhivJyoiQIBAFQELfhVWkxJoUMBq0GDTlEyAQL8CUqq03rvIpXnFG62D8XqiIgIECFQRsOBXYTUpgQYFrAYNNk3JBAj0KyClSuu9i1yaV7zROhivJyoiQIBAFQELfhVWkxJoUMBq0GDTlEyAQL8CUqq03rvIpXnFG62D8XqiIgIECFQRsOBXYTUpgQYFrAYNNk3JBAj0KyClSuu9i1yaV7zROhivJyoiQIBAFQELfhVWkxJoUMBq0GDTlEyAQL8CUqq03rvIpXnFG62D8XqiIgIECFQRsOBXYTUpgQYFrAYNNk3JBAj0KyClSuu9i1yaV7zROhivJyoiQIBAFQELfhVWkxJoUMBq0GDTlEyAQL8CUqq03rvIpXnFG62D8XqiIgIECFQRsOBXYTUpgQYFrAYNNk3JBAj0KyClSuu9i1yaV7zROhivJyoiQIBAFQELfhVWkxJoUMBq0GDTlEyAQL8CUqq03rvIpXnFG62D8XqiIgIECFQRsOBXYTUpgQYFrAYNNk3JBAj0KyClSuu9i1yaV7zROhivJyoiQIBAFQELfhVWkxJoUMBq0GDTlEyAQL8CUqq03rvIpXnFG62D8XqiIgIECFQRsOBXYTUpgQYFrAYNNk3JBAj0KyClSuu9i1yaV7zROhivJyoiQIBAFQELfhVWkxJoUMBq0GDTlEyAQL8CUqq03rvIpXnFG62D8XqiIgIECFQRsOBXYTUpgQYFrAYNNk3JBAj0KyClSuu9i1yaV7zROhivJyoiQIBAFQELfhVWkxJoUMBq0GDTlEyAQL8CUqq03rvIpXnFG62D8XqiIgIECFQRsOBXYTUpgQYFrAYNNk3JBAj0KyClSuu9i1yaV7zROhivJyoiQIBAFQELfhVWkxJoUMBq0GDTlEyAQL8CUqq03rvIpXnFG62D8XqiIgIECFQRsOBXYTUpgQYFrAYNNk3JBAj0KyClSuu9i1yaV7zROhivJyoiQIBAFQELfhVWkxJoUMBq0GDTlEyAQL8CUqq03rvIpXnFG62D8XqiIgIECFQRsOBXYTUpgQYFrAYNNk3JBAj0KyClSuu9i1yaV7zROhivJyoiQIBAFQELfhVWkxJoUMBq0GDTlEyAQL8CUqq03rvIpXnFG62D8XqiIgIECFQRsOBXYTUpgQYFrAYNNk3JBAj0KyClSuu9i1yaV7zROhivJyoiQIBAFQELfhVWkxJoUMBq0GDTlEyAQL8CUqq03rvIpXnFG62D8XqiIgIECFQRsOBXYTUpgQYFrAYNNk3JBAj0KyClSuu9i1yaV7zROhivJyoiQIBAFQELfhVWkxJoUMBq0GDTlEyAQL8CUqq03rvIpXnFG62D8XqiIgIECDwEJqt0wX+lTIBAtwI+/nXbegdOgECLAlKqtK65yKV5xRutg/F6oiICBPYQKBj3NDrVHsr2QYBASAEf/0K2RVEECBCYF5BSpZ0ZLnJpXvFG62C8nqiIQNsCjUY2HZbd9nmmegIE3hDw8e8NPJsSIEBgbwEpVZq4i1yaV7zROhivJyoisPC3KB3mKA65poCfNAIEuhXw8a/b1jtwAgRaFJBSpXXNRS7NK95oHYzXExXtLVAzBzA3gbgCe/+k2R8BAmEEfPwL0wqFECBAYF1ASrVuNBzhIpfmFW+0DsbryXkqint3rjIC7QgUXBEs+AUxTUWgaQGrQdPtUzwBAr0JSKnSOu4il+YVb7QOxuvJekXt3F+rlEBcgfWftNONsOCfrqUOiECmgNUgE85mBAgQOEJASpWm7iKX5hVvtA4OexL3flplBNoRiLfOqegqYMF3KhAgcBGwGjgTCBAg0JCAlCqtWS5yaV7xRu/TwXbur1VKIK5AvPVDRY0J7LPgN4aiXAJdClgNumy7gyZAoFUBKVVa51zk0rzijY57R64yAnsJxPu5VBGBKgIu2VVYTUqgQQGrQYNNUzIBAv0KSKnSeu8il+YVb/ReOYD99CgQ73xXEYGuBVyyu26/gycwELAaOB0IECDQkICUKq1ZLnJpXvFG95idtH/M8c4jFREg0ICAS3YDTVIigV0ErAa7MNsJAQIEyghIqdIcXeTSvOKNbj+xKXkE8fqjIgIECBQTcMkuRmkiAo0LWA0ab6DyCRDoS0BKldZvF7k0r3ijS2Y8L+eKd+gqIkCAQF8CLtl99dvRElgWsBo4OwgQINCQgJQqrVkucmle8UbrYLyeqIgAAQJVBCz4VVhNSqBBAatBg01TMgEC/QpIqdJ67yKX5hVvtA7G64mKCBAgUEXAgl+F1aQEGhSwGjTYNCUTINCvgJQqrfcucmle8UbrYLyeqIgAAQJVBCz4VVhNSqBBAatBg01TMgEC/QpIqdJ67yKX5hVvtA7G64mKCBAgUEXAgl+F1aQEGhSwGjTYNCUTINCvgJQqrfcucmle8UbrYLyeqIgAAQJVBCz4VVhNSqBBAatBg01TMgEC/QpIqdJ67yKX5hVvtA7G64mKCBAgUEXAgl+F1aQEGhSwGjTYNCUTINCvgJQqrfcucmle8UbrYLyeqIgAAQJVBCz4VVhNSqBBAatBg01TMgEC/QpIqdJ67yKX5hVvtA7G64mKCBAgUEXAgl+F1aQEGhSwGjTYNCUTINCvgJQqrfcucmle8UbrYLyeqIgAAQJVBCz4VVhNSqBBAatBg01TMgEC/QpIqdJ67yKX5hVvtA7G64mKCBAgUEXAgl+F1aQEGhSwGjTYNCUTINCvgJQqrfcucmle8UbrYLyeqIgAAQJVBCz4VVhNSqBBAatBg01TMgEC/QpIqdJ67yKX5hVvtA7G64mKCBAgUEXAgl+F1aQEGhSwGjTYNCUTINCvgJQqrfcucmle8UbrYLyeqIgAAQJVBCz4VVhNSqBBAatBg01TMgEC/QpIqdJ67yKX5hVvtA7G64mKCBAgUEXAgl+F1aQEGhSwGjTYNCUTINCvgJQqrfcucmle8UbrYLyeqIgAAQJVBCz4VVhNSqBBAatBg01TMgEC/QpIqdJ67yKX5hVvtA7G64mKCBAgUEXAgl+F1aQEGhSwGjTYNCUTINCvgJQqrfcucmle8UbrYLyeqIgAAQJVBCz4VVhNSqBBAatBg01TMgEC/QpIqdJ67yKX5hVvtA7G64mKCBAgUEXAgl+F1aQEGhSwGjTYNCUTINCvgJQqrfcucmle8UbrYLyeqIgAAQJVBCz4VVhNSqBBAatBg01TMgEC/QpIqdJ67yKX5hVvtA7G64mKCBAgUEXAgl+F1aQEGhSwGjTYNCUTINCvgJQqrfcucmle8UbrYLyeqIgAAQJVBCz4VVhNSqBBAatBg01TMgEC/QpIqdJ67yKX5hVvtA7G64mKCBAgUEXAgl+F1aQEGhSwGjTYNCUTINCvgJQqrfcucmle8UbrYLyeqIgAAQJVBCz4VVhNSqBBAatBg01TMgEC/QpIqdJ67yKX5hVvtA7G64mKCBAgUEXAgl+F1aQEGhSwGjTYNCUTINCvgJQqrfcucmle8UbrYLyeqIgAAQJVBCz4VVhNSqBBAatBg01TMgEC/QpIqdJ67yKX5hVvtA7G64mKCBAgUEXAgl+F1aQEGhSwGjTYNCUTINCvgJQqrfcucmle8UbrYLyeqIgAAQJVBCz4VVhNSqBBAatBg01TMgEC/QpIqdJ67yKX5hVvtA7G64mKCBAgUEXAgl+F1aQEGhSwGjTYNCUTINCvgJQqrfcucmle8UbrYLyeqIgAAQJVBCz4VVhNSqBBAatBg01TMgEC/QpIqdJ67yKX5hVvtA7G64mKCBAgUEXAgl+F1aQEGhSwGjTYNCUTINCvgJQqrfcucmle8UbrYLyeqIgAAQJVBCz4VVhNSqBBAatBg01TMgEC/QpIqdJ67yKX5hVvtA7G64mKCBAgUEXAgl+F1aQEGhSwGjTYNCUTINCvgJQqrfcucmle8UbrYLyeqIgAAQJVBCz4VVhNSqBBAatBg01TMgEC/QpIqdJ67yKX5hVvtA7G64mKCBAgUEXAgl+F1aQEGhSwGjTYNCUTINCvgJQqrfcucmle8UbrYLyeqIgAAQJVBCz4VVhNSqBBAatBg01TMgEC/QpIqdJ67yKX5hVvtA7G64mKCBAgUEXAgl+F1aQEGhSwGjTYNCUTINCvgJQqrfcucmle8UbrYLyeqIgAAQJVBCz4VVhNSqBBAatBg01TMgEC/QpIqdJ67yKX5hVvtA7G64mKCBAgUEXAgl+F1aQEGhSwGjTYNCUTINCvgJQqrfcucmle8UbrYLyeqIgAAQJVBCz4VVhNSqBBAatBg01TMgEC/QpIqdJ67yKX5hVvtA7G64mKCBAgUEXAgl+F1aQEGhSwGjTYNCUTINCvgJQqrfcucmle8UbrYLyeqIgAAQJVBCz4VVhNSqBBAatBg01TMgEC/QpIqdJ67yKX5hVvtA7G64mKCBAgUEXAgl+F1aQEGhSwGjTYNCUTINCvgJQqrfcucmle8UbrYLyeqIgAAQJVBCz4VVhNSqBBAatBg01TMgEC/QpIqdJ67yKX5hVvtA7G64mKCBAgUEXAgl+F1aQEGhSwGjTYNCUTINCvgJQqrfcucmle8UbrYLyeqIgAAQJVBCz4VVhNSqBBAatBg01TMgEC/QpIqdJ67yKX5hVvtA7G64mKCBAgUEXAgl+F1aQEGhSwGjTYNCUTINCvgJQqrfcucmle8UbrYLyeqIgAAQJVBCz4VVhNSqBBAatBg01TMgEC/QpIqdJ67yKX5hVvtA7G64mKCBAgUEXAgl+F1aQEGhSwGjTYNCUTINCvgJQqrfcucmle8UbrYLyeqIgAAQJVBCz4VVhNSqBBAatBg01TMgEC/QpIqdJ67yKX5hVvtA7G64mKCBAgUEXAgl+F1aQEGhSwGjTYNCUTINCvgJQqrfcucmle8UbrYLyeqIgAAQJVBCz4VVhNSqBBAatBg01TMgEC/QpIqdJ67yKX5hVvtA7G64mKCBAgUEXAgl+F1aQEGhSwGjTYNCUTINCvgJQqrfcucmle8UbrYLyeqIgAAQJVBCz4VVhNSqBBAatBg01TMgEC/QpIqdJ67yKX5hVvtA7G64mKCBAgUEXAgl+F1aQEGhSwGjTYNCUTINCvgJQqrfcucmle8UbrYLyeqIgAAQJVBCz4VVhNSqBBAatBg01TMgEC/QpIqdJ67yKX5hVvtA7G64mKCBAgUEXAgl+F1aQEGhSwGjTYNCUTINCvgJQqrfcucmle8UbrYLyeqIgAAQJVBCz4VVhNSqBBAatBg01TMgEC/QpIqdJ67yKX5hVvtA7G64mKCBAgUEXAgl+F1aQEGhSwGjTYNCUTINCvgJQqrfcucmle8UbrYLyeqIgAAQJVBCz4VVhNSqBBAatBg01TMgEC/QpIqdJ67yKX5hVvtA7G64mKCBAgUEXAgl+F1aQEGhSwGjTYNCUTINCvgJQqrfcucmle8UbrYLyeqIgAAQJVBCz4VVhNSqBBAatBg01TMgEC/QpIqdJ67yKX5hVvtA7G64mKCBAgUEXAgl+F1aQEGhSwGjTYNCUTINCvgJQqrfcucmle8UbrYLyeqIgAAQJVBCz4VVhNSqBBAatBg01TMgEC/QpIqdJ67yKX5hVvtA7G64mKCBAgUEXAgl+F1aQEGhSwGjTYNCUTINCvgJQqrfcucmle8UbrYLyeqIgAAQJVBCz4VVhNSqBBAatBg01TMgEC/QpIqdJ67yKX5hVvtA7G64mKCBAgUEXAgl+F1aQEGhSwGjTYNCUTINCvgJQqrfcucmle8UbrYLyeqIgAAQJVBCz4VVhNSqBBAatBg01TMgEC/QpIqdJ67yKX5hVvtA7G64mKCBAgUEXAgl+F1aQEGhSwGjTYNCUTINCvgJQqrfcucmle8UbrYLyeqIgAAQJVBCz4VVhNSqBBAatBg01TMgEC/QpIqdJ67yKX5hVvtA7G64mKCBAgsC4wWb3z/nV9N0YQIHBGAR//zthVx0SAwGkFpFRprXWRS/OKN1oH4/VERQQItCGQFwxF26oNa1USIFBUwMe/opwmI0CAQF0BKVWar4tcmle80ToYrycqIkBgq0C0xKfFerZaG0eAwIkEfPw7UTMdCgEC5xeQUqX12EUuzSveaB2M1xMVEWhJoMVcRs1DgZbONrUSIFBIwMe/QpCmIUCAwB4CUqo0ZRe5NK94o3UwXk9URCBBQOBC4B2BhFPNUAIETiTg49+JmulQCBA4v4CUKq3HLnJpXvFG62C8nqioMYF3MgLbEsgWyPg5seBnoNmEwCkFrAanbKuDIkDgrAJSqrTOusilecUbrYPxeqKiZIHs+3wbEnhHIPlMPXoDC/7RHbB/AlEErAZROqEOAgQIbBCQUm1AGgxxkUvzijdaB+P1pMmK3rnVty2BbIEmf1qOK9qCf5y9PROIJWA1iNUP1RAgQOClgJQq7QRxkUvzijdaB+P1JKei7Jt8GxJ4UyDnfLXNQQIW/IPg7ZZAOAGrQbiWKIgAAQLLAlKqtLPDRS7NK95oHSzVkzdv9W1OIE+g1Alsnh4ELPg9dNkxEtgiYDXYomQMAQIEgghIqdIa4SKX5hVv9Jk6mHeTbysCbwrE+7FWEYF5gTMt+HpMgMA7AlaDd/RsS4AAgZ0FpFRp4C5yaV7xRpft4Jt3+zYnkCcQ7wdLRQQiCpRd8CMeoZoIENgmYDXY5mQUAQIEQghIqdLa4CKX5hVvdF4oYCsCfvbj/TSriMCKgB9bpwgBAhcBq4EzgQABAg0JSKnSmuUil+YVb7S05RwC8c4sFREgEE7AJTtcSxRE4CABq8FB8HZLgACBHAEpVZqai1yaV7zR58hoIhxFvN6qiAABAiMBl2wnBAECFwGrgTOBAAECDQlIqdKa5SKX5hVvdIR8p1QN8XRVRIAAgUACLtmBmqEUAocKWA0O5bdzAgQIpAlIqRK9xle5tI2NDiBQKiG6zBPggJRAgAABAvMC7kudGQQIXASsBs4EAgQINCTgNjutWS5yaV7xRutgvJ6oiAABAlUELPhVWE1KoEEBq0GDTVMyAQL9Ckip0nrvIpfmFW+0DsbriYoIECBQRcCCX4XVpAQaFLAaNNg0JRMg0K+AlCqt9y5yaV7xRutgvJ6oiAABAlUELPhVWE1KoEEBq0GDTVMyAQL9Ckip0nrvIpfmFW+0DsbriYoIECBQRcCCX4XVpAQaFLAaNNg0JRMg0K+AlCqt9y5yaV7xRutgvJ6oiAABAlUELPhVWE1KoEEBq0GDTVMyAQL9Ckip0nrvIpfmFW+0DsbriYoIECBQRcCCX4XVpAQaFLAaNNg0JRMg0K+AlCqt9y5yaV7xRutgvJ6oiAABAlUELPhVWE1KoEEBq0GDTVMyAQL9Ckip0nrvIpfmFW+0DsbriYoIECBQRcCCX4XVpAQaFLAaNNg0JRMg0K+AlCqt9y5yaV7xRutgvJ6oiAABAlUELPhVWE1KoEEBq0GDTVMyAQL9Ckip0nrvIpfmFW+0DsbriYoIECBQRcCCX4XVpAQaFLAaNNg0JRMg0K+AlCqt9y5yaV7xRutgvJ6oiAABAlUELPhVWE1KoEEBq0GDTVMyAQL9Ckip0nrvIpfmFW+0DsbriYoIECBQRcCCX4XVpAQaFLAaNNg0JRMg0K+AlCqt9y5yaV7xRutgvJ6oiAABAlUELPhVWE1KoEEBq0GDTVMyAQL9Ckip0nrvIpfmFW+0DsbriYoIECBQRcCCX4XVpAQaFLAaNNg0JRMg0K+AlCqt9y5yaV7xRutgvJ6oiAABAlUELPhVWE1KoEEBq0GDTVMyAQL9Ckip0nrvIpfmFW+0DsbriYoIECBQRcCCX4XVpAQaFLAaNNg0JRMg0K+AlCqt9y5yaV7xRutgvJ6oiAABAlUELPhVWE1KoEEBq0GDTVMyAQL9Ckip0nrvIpfmFW+0DsbriYoIECBQRcCCX4XVpAQaFLAaNNg0JRMg0K+AlCqt9y5yaV7xRutgvJ6oiAABAlUELPhVWE1KoEEBq0GDTVMyAQL9Ckip0nrvIpfmFW+0DsbriYoIECBQRcCCX4XVpAQaFLAaNNg0JRMg0K+AlCqt9y5yaV7xRutgvJ6oiAABAlUELPhVWE1KoEEBq0GDTVMyAQL9Ckip0nrvIpfmFW+0DsbriYoIECBQRcCCX4XVpAQaFLAaNNg0JRMg0K+AlCqt9y5yaV7xRutgvJ6oiAABAlUELPhVWE1KoEEBq0GDTVMyAQL9Ckip0nrvIpfmFW+0DsbriYoIECBQRcCCX4XVpAQaFLAaNNg0JRMg0K+AlCqt9y5yaV7xRutgvJ6oiAABAlUELPhVWE1KoEEBq0GDTVMyAQL9Ckip0nrvIpfmFW+0DsbriYoIECBQRcCCX4XVpAQaFLAaNNg0JRMg0K+AlCqt9y5yaV7xRutgvJ6oiAABAlUELPhVWE1KoEEBq0GDTVMyAQL9Ckip0nrvIpfmFW+0DsbriYoIECBQRcCCX4XVpAQaFLAaNNg0JRMg0K+AlCqt9y5yaV7xRutgvJ6oiAABAlUELPhVWE1KoEEBq0GDTVMyAQL9Ckip0nrvIpfmFW+0DsbriYoIECBQRcCCX4XVpAQaFLAaNNg0JRMg0K+AlCqt9y5yaV7xRutgvJ6oiAABAlUELPhVWE1KoEEBq0GDTVMyAQL9Ckip0nrvIpfmFW+0DsbriYoIECBQRcCCX4XVpAQaFLAaNNg0JRMg0K+AlCqt9y5yaV7xRutgvJ6oiAABAlUELPhVWE1KoEEBq0GDTVMyAQL9Ckip0nrvIpfmFW+0DsbriYoIECBQRcCCX4XVpAQaFLAaNNg0JRMg0K+AlCqt9y5yaV7xRutgvJ6oiACB7gT++afvdv6/j8W/O2UHTIDATcDHP+cCAQIEGhLwoS2tWS5yaV7xRutgvJ6oiACBRYGdo5xz7855RoBAtwI+/nXbegdOgECLAlKqtK65yKV5xRutg/F6oiICBQTOHa84uiICBc4zUxAg0KaAj39t9k3VBAh0KiClSmu8i1yaV7zROhivJyraT6DIrb5JCDQqsN9Pmj0RIBBMwMe/YA1RDgECBF4JSKnSzg8XuTSveKN1MF5PIlbU6E24sgkQWBLwXqqIS62aCOwl4OPfXtL2Q4AAgQICUqo0RBe5NK94o3WwbE/cEhMgQCBDoOxCtDSbBX8fZ3shEF/AahC/RyokQIDAXUBKlXYyuMilecUbfVQHM+7ibEKAAIF4i2hLFR214LdkpFYCfQhYDfros6MkQOAkAlKqtEa6yKV5xRt96aBbXwIETiYQb7FR0fECLtnH90AFBGIIWA1i9EEVBAgQ2CQgpdrE9Hj2bHyVS9vY6AACIqqTZRMOJ1UgwE+hEgjsJOC+dCdouyEQXsBqEL5FCiRAgMBDQEqVdja4yKV5xRstpUoNNfocH+/MVREBAskCLtnJZDYgcFIBq8FJG+uwCBA4p4CUKq2vLnJpXvFGS6nKpk7xOqwiAgQIXAVcsp0KBAhcBKwGzgQCBAg0JCClSmuWi1yaV7zRR72XKp6EiggQIHByAZfskzfY4RHYLGA12ExlIAECBI4XkFKl9cBFLs0r3uh7B5ceKYpXsooIECBAIEfAJTtHzTYEzihgNThjVx0TAQKnFZBSpbXWRS7NK97oYQcFVfH6oyICBAgUE3DJLkZpIgKNC1gNGm+g8gkQ6EtASpXWbxe5NK94oycdFFTFa5GKCBAgUEbAJbuMo1kItC9gNWi/h46AAIGOBKRUac12kUvzijf6uYOCqnhdUhEBAgQKCLhkF0A0BYFTCFgNTtFGB0GAQC8CUqq0TrvIpXnFG73UQVlVvF6piAABAm8JuGS/xWdjAicSsBqcqJkOhQCB8wtIqdJ67CKX5hVv9IsOCqritUtFBAgQyBdwyc63syWBcwlYDc7VT0dDgMDJBaRUaQ12kUvzijf6dQcFVfE6piICBAhkCrhkZ8LZjMDpBKwGp2upAyJA4MwCUqq07rrIpXnFG73aQUFVvKapiAABAjkCqwt+zqS2IUCgQQGrQYNNUzIBAv0KSKnSeu8il+YVb/TGDsqq4rVORQQIEEgT2Ljgp01qNAECDQpYDRpsmpIJEOhXQEqV1nsXuTSveKO3d1BQFa97KiJAgECCwPYFP2FSQwkQaFDAatBg05RMgEC/AlKqtN67yKV5xRud1EFBVbwGqogAAQJbBZIW/K2TGkeAQIMCVoMGm6ZkAgT6FZBSpfXeRS7NK97o1A4KquL1UEUECBDYJJC64G+a1CACBBoUsBo02DQlEyDQr4CUKq33LnJpXvFG53VQVhWvkyoiQIDAikDego+VAIHzCVgNztdTR0SAwIkFpFRpzXWRS/OKNzq7g4KqeM1UEQECBF4JZC/4WAkQOJmA1eBkDXU4BAicW0BKldZfF7k0r3ij3+ngyYKq//zw3ecR/fC32S5d/3R5wNxWf/v3x/jP//vxP69b//e//usvf/3v7Jhff7w6LxQW75xSEQECQQXeWfCDHpKyCBDIErAaZLHZiAABAscISKnS3F3k0rzijX6zgycKqv7x+18+E6V//fyPmS7do6ItkdNj+20p1UdEtRxm/ffXH29/+v3vf493AqmIAIF2BN5c8Ns5UJUSILAiYDVwihAgQKAhASlVWrNc5NK84o0u0sFTZFXXROnfvz436R42XR6Mmn3e6hpyjR+bmk2pbv9x8PDU40Gtj6euHqHVbXfXDOvpX5cev3rnNBvlca8eLntnJ9dtl490PisssMuPKe6dGnquPexWZtdmIXCwQJEF/+BjsHsCBEoIWA1KKJqDAAECOwlIqdKgXeTSvOKNLtXBpoOqQUg0SC6uGdA9afp8lGn5e39vpVQf58V95n/9cH94at+U6mU6NhfevX02r+Rx5Z8d++/P3y+dqFUO8G0hExAoK1BqwS9bldkIENhfwGqwv7k9EiBAIFtASpVG5yKX5hVvdMEOthtULadUj6eobinG4Emc0Yui3k2pLkHV514OeZZqw07fynEu808e/lrdafbDYrO7e35MbPCQ2vToZmeI9/OrIgJJAgUX/KT9GkyAQDQBq0G0jqiHAAECLwSkVGmnh4tcmle80WU7OBtUxTvoaUXzKdXS9+xG//3+TbECKdW0rEGIM/gG3EdwVvwho9GX4EbfthslO5n7fTzBtJxSPUKiUXSVs8el3Q27PMmkrvngrQGLBcc/lVVI4KVA2QUfNgEC7QpYDdrtncoJEOhQQEqV1nQXuTSveKNrdHCSVcU76JmKnn7B3+zbi+5fwfv+X1+vWh+8o+qtlOozFpn+Cr9HAffYqFJ6Mvwe3MwLoYZBVdbvGUxLqT6aM9hjxgNcC7tbeghu5mSo5NzED4Iizy1QY8E/t5ijI3BWAavBWTvruAgQOKWAlCqtrS5yaV7xRlfq4D2oinfEsxXdfsHf9Z1Ql0d4Pp5aevVS7XG09DrVmnvD1O3Bokcm8siAVr9XuPC7CEcHd5tk5Xtzg30tjBy93P1rFwvv55p+QXLpPVDX7Gnw2NQojXp6iKzI7p6P4vlUeF3wOL2a451+h/Hp/Fl7Of00IJt9nm60F+99b2SNiVFmpQU/xsGpggCBBAGrQQKWoQQIEDhaQEqV1gEXuTSveKN18Ksnl3jl+99//Xp9Us5X6vJTqtveb09mrb6t6faVw5XnjLY+kfSIlpZ+s94gu7l+Ba9IbDR8A9foWJ4qL7O7SUI091zY9pTq9x9uyeNz2jj+rujClxmf39P/eSIOU6r/PL3r/bNBM2/XElTFW1ijVmTBj9oZdRHYW8BqsLe4/REgQOANASlVGp6LXJpXvNE6+NmTazD043+u/3B/lmryDNTjNUmJ3xB89SzV10nxCLn+/esjNlp6If3tv7+OJ7Y9SzX/9qvxmfpIRuqnVHMPCpVJqYYZ0CNIGhluTamGOdQlpXr1avbbLpbzx7kvdX7/FZhu+r+leDHeeqOigwUs+Ac3wO4JhBGwGoRphUIIECCwLiClWjcajnCRS/OKN1oHP3pyzSY+4obVlOrnHz+Cg49Q4Cmlmm3tPW/a8rTL4wuGw/d8zwYQ9zClQDxRM6W6oGx5L9VsHHM/uo0p1cruLn88GxWNn6taKniUYY2+HTnzErFx8jj/k//8Zc/RLm5Vjd/ufzuX3n5fWLzVSEXVBSz41YntgEAjAlaDRhqlTAIECHwKSKnSzgMXuTSveKN1cBSjPB5d+Xho6PY1wOs7qr6+CVgxpUo6OVbemZUyV8Vv/L2VUg2So5Ip1Y1m8osdh3nfhpRq/MsH176k+Zh86ZGr28EOUqpBsjn/Aq+E98GnnA/GnlnAgn/m7jo2AikCVoMULWMJECBwsICUKq0BLnJpXvFG6+BaSjX8ytViSnWPPMbvilp4luoWVUyTkcfjOYMv690SiuE7iTJ+893yqZfy9vRbhWVio8VwZ/roWZndzRAMv1z52Ol6SjV5zfy2lGqSi40eH3tOqYa7WHjN/AJLvFVGRWEELPhhWqEQAgcLWA0OboDdEyBAIEVASpWi9fHs2fh/aRsbHUBAB4OkVLfE4fKQzp4p1eAbeV9fZpyelYPHf2a+gjfKa6a/4+8y1YZv/I0fTXr6uXjEMfm7+8fvP//t+Qdu9tmlN1Kq5QN5JE2DDO5uK6UKsBj2UIIFv4cuO0YCWwSsBluUjCFAgEAQASlVWiNc5NK84o3WwVFPZt5LNXyTer1nqSZPXe2aUo1+yeAkqBp9Q23uaaM/fXd/sGv4rNDwaa/5b7F9uD+Cm5WUavi2ptzdXUlHj6HNval9nFouvFt98izV9XdEXh67Gz8I9uuP12jvIXkfMHiSS0oVb208ZUUW/FO21UERyBCwGmSg2YQAAQJHCUip0uQnFzn/2rpAWvvPMnr2q1hzv2uvWkp1j0uuacUtv3i80P3rKadb0vEZtXz+8+twZ9vv+Ls08dWvqLt+53GU76yNX0ipxlNtTqlWy9uwu8EXG2d/cd7gNVjPv+nvMv/iQ2Hzvz3werBPKdXcr+2TUp1lMQl+HO5LgzdIeQR2E7Aa7EZtRwQIEHhfQEqVZth6KKN+H1M+zvjDU6p7/HFNW4ZfBFt6L9VlzPiX041+egdB0qb3WL0Knp7jsJnQZ5jrLT+y9JnRXP90e0p1/wrkIGBK3N3LlGrtPVOrKdXwN/pNfl/h7WuSc2I/fDVx0Mf5IMx7qdKuS0YvCljwnRwECFwErAbOBAIECDQkIKVKa5aU52QCae0/y+iXKdX4G3+fL436/N91k1tI9OrF2LNP7nz9x6f8YvxSqkuas5BSXeKMmddIPZqS8izVbavnx4iWdzGKXb5ynPn3Un3OPX6/eHpK9THF27ubjyMXnkebK/jFs1RXv6ekb6z3dAjeS3WWNaSV43Bf2kqn1EmgtoDVoLaw+QkQIFBQQEqVhnmyjMbhpLX/fKNX30v19+FvhXs8yvRWSnUPRL6e6Jm+KXwhpboM2/SQ1Pna5IgIEMgScF+axWYjAicUsBqcsKkOiQCB8wpIqdJ6K9Y5mUBa+883ei6l+vcPn08t3V6MPXocZuZ33i0/OTX5Itj9SajHEzofT2Y9Hsa5PeMzTKnGD/isvZfqfO1xRAQIvCXgvvQtPhsTOJGA1eBEzXQoBAicX0BKFbfHJ8uDZg8nrn4nlc0+S/Xz8OVBw5Rq/NvcthPdoqjH18G+9nt7MOrjca3B19CGKdX4O2svv+63vRojCRDoRcB9aS+ddpwE1gSsBmtC/pwAAQKBBKRUgZrxUUq9ZKrgcVYqsmCFpiJAgAABAu5LnQMECFwErAbOBAIECDQkIKUK0awiuU+EIznNgUTAVAMBAgQIvCPgvvQdPdsSOJOA1eBM3XQsBAicXkBKdWSL38l0jqw7Zd89HGOKh7EECBAgsJOA+9KdoO2GQHgBq0H4FimQAAECDwEp1QFnQ15wc0ChFXbZ87FX4DQlAQIECCwKuC91chAgcBGwGjgTCBAg0JCAlGq/ZmUENPsVd9CeUk0OKtNuCRAgQKA9Afel7fVMxQTqCFgN6rialQABAlUEpFRVWCeTJmUxexQUbx+I4vVERQQIEGhbwH1p2/1TPYFyAlaDcpZmIkCAQHUBKVVd4o3hS90iWpsdWmsdUy8BAgQiCrgvjdgVNRE4QsBqcIS6fRIgQCBTQEqVCfd6s405y8ewKrs/y6QbGc9yuI6DAAECBEoKuC8tqWkuAi0LWA1a7p7aCRDoTkBKUr7lW7KV8ns974w8z9tbR0aAAIGKAu5LK+KamkBTAlaDptqlWAIEeheQUpU8A1bzlJI7628uvP313BETIEAgX8B9ab6dLQmcS8BqcK5+OhoCBE4uIKUq02ABShnHDbOg3oBkCAECBAj43fPOAQIErgJSKqcCAQIEGhKQUr3bLKHJu4JZ22PPYrMRAQIEOhJwX9pRsx0qgZcCVgMnCAECBBoSkFK91azXWclbU9t4gwD/DUiGECBAoFMB96WdNt5hE3gSsBo4KQgQINCQgJQqs1nykUy4CpvpRQVUUxIgQKB5AfelzbfQARAoJGA1KARpGgIECOwhIKXKUX4Ri+RMZ5sSAppSQtEcBAgQOI+A+9Lz9NKREHhPwGrwnp+tCRAgsKuAlCqZWxqSTLbjBkvd2bEEuyJAgACBEALuS0O0QREEAghYDQI0QQkECBDYKiCl2ip1GScESfM6YrQeHaFunwQIEAgn4L40XEsUROAgAavBQfB2S4AAgRwBKVWC2mz8kbC9oTsKyKp2xLYrAgQIRBRwXxqxK2oicISA1eAIdfskQIBApoCUaiuciGqrVJhxWhamFQohQIDAAQLuSw9At0sCIQWsBiHboigCBAjMC0ipNp0Z8o5NTPEGaVy8nqiIAAECOwm4L90J2m4IhBewGoRvkQIJECDwEJBSrZ8Nko51o8AjtC9wc5RGgACBigLuSyvimppAUwJWg6bapVgCBHoXkFKtnAEyjhP8iGjiCZroEAgQIJAq4L40Vcx4AmcVsBqctbOOiwCBUwpIqV61VbpxmpNeK0/TSgdCgACBjQLuSzdCGUbg9AJWg9O32AESIHAmASnVYjflGmc60T+ORUNP1lCHQ4AAgdcC7kudIQQIXASsBs4EAgQINCQgpZpvlkSjoZN4e6naut3KSAIECLQu4L609Q6qn0ApAatBKUnzECBAYAcBKdXWlGqHZtjFDgLPQdUOO7ULAgQIENhfwH3p/ub2SCCmgNUgZl9URYAAgVkBKdUMiyDj3D8t+nvu/jo6AgQIXATclzoTCBCwGjgHCBAg0JyAlGo9pWquqQpeFXDrskpkAAECBFoXsNS33kH1EyglYDUoJWkeAgQI7CAgpZoie9Bmh9Pu8F3o8uEtUAABAgRqC7gvrS1sfgKtCFgNWumUOgkQIPAhIKVaSamcJWcV8HnlrJ11XAQIELgIWOedCQQIWA2cAwQIEGhOQEolpWrupC1TsMepyjiahQABAlEFpFRRO6MuAnsLWA32Frc/AgQIvCEgpRrhuYa9cS61t6l2t9czFRMgQGCzgEV+M5WBBE4uYDU4eYMdHgEC5xKQUkmpznVGpxyNjywpWsYSIECgMQGLfGMNUy6BagJWg2q0JiZAgEB5ASmVlKr8WdXKjD6ytNIpdRIgQCBDwCKfgWYTAqcUsBqcsq0OigCBswpIqR6d9aKis57lL47Lp5YOm+6QCRDoRMAK30mjHSaBVQGrwSqRAQQIEIgjIKVaTKniNEkl9QR8aqlna2YCBAgcK2CFP9bf3gnEEbAaxOmFSggQILAqIKWSUq2eJGce4FPLmbvr2AgQ6FvACt93/x09AR/ynQMECBBoUkBK5QLW5Ilbqmj3MKUkzUOAAIFoAlb4aB1RD4GjBKwGR8nbLwECBDIEpFRSqozT5jyb+NRynl46EgIECIwFrPDOCAIELgJWA2cCAQIEGhKQUkmpGjpdy5fqU0t5UzMSIEAghoAVPkYfVEHgeAGrwfE9UAEBAgQ2C0ippFSbT5YzDvSp5YxddUwECBD4FLDCOw8IELgIWA2cCQQIEGhIQEolpWrodC1fqk8t5U3NSIAAgRgCVvgYfVAFgeMFrAbH90AFBAgQ2CwgpVpMqT6uZ5sZDWxVwKeWVjunbgIECKwJWOHXhPw5gV4ErAa9dNpxEiBwCgFBzKiNrmGnOKu3HoR2b5UyjgABAg0KWOQbbJqSCVQRsBpUYTUpAQIE6ghIqaRUdc6sFmb1kaWFLqmRAAECmQIW+Uw4mxE4nYDV4HQtdUAECJxZQEolpTrz+f362Hxk6bf3jpwAgQ4ELPIdNNkhEtgkYDXYxGQQAQIEYghIqaZ9cBmLcWZWr2LSaK8hqy5uBwQIENhXwAV9X297IxBXwGoQtzcqI0CAwJOAlEpK1emPhc8rnTbeYRMg0I2Adb6bVjtQAisCVgOnCAECBBoSkFKtpFQesWnobN5eqgeptlsZSYAAgUYF3Jc22jhlEyguYDUoTmpCAgQI1BOQUs3YupLVO+GCzKzFQRqhDAIECNQTsNTXszUzgbYErAZt9Uu1BAh0LiClWk+pPE51sh8SD1KdrKEOhwABArMC7kudGAQIXASsBs4EAgQINCQgpZpvliCjoZM4qVSdTeIymAABAu0KuC9tt3cqJ1BWwGpQ1tNsBAgQqCogpdqaUnmiquqJuM/kzxGVtu4jby8ECBDYX8B96f7m9kggpoDVIGZfVEWAAIFZASnV4okh0TjZz4yGnqyhDocAAQKvBdyXOkMIELgIWA2cCQQIEGhIQEr1qllyjYZO5aR7lUtnT3N0DoQAAQIEngXclzorCBCQUjkHCBAg0JyAG/WVlgmqmjunV29URFQn6KlDIECAwKqAlGqVyAACnQhYDTpptMMkQOAcAlKqnJTKYzgNnf2zOaMONtRBpRIgQCBPwH1pnputCJxPwGpwvp46IgIETiwgpVpvrphj3SjqCL2L2hl1ESBAoLqA+9LqxHZAoBEBq0EjjVImAQIEPgWkVJvOA2HHJqZgg3QtWEOUQ4AAgV0F3Jfuym1nBAILWA0CN0dpBAgQmApIqbaeEyKPrVIxxulXjD6oggABAocJuC89jN6OCQQTsBoEa4hyCBAg8EpASpV2fsg+0ryOGK1HR6jbJwECBMIJuC8N1xIFEThIwGpwELzdEiBAIEdASpWsJgRJJttxA93ZEduuCBAgEFrAfWno9iiOwI4CVoMdse2KAAEC7wpIqXIEl6IQvzkuR7PQNppSCNI0BAgQOImA+9KTNNJhEHhbwGrwNqEJCBAgsJ+AlCrT+kUmIqvKNM3dTC9y5WxHgACBMwu4Lz1zdx0bgRQBq0GKlrEECBA4WEBK9VYD5CNv8b29Mf+3CU1AgACB0wq4Lz1tax0YgUQBq0EimOEECBA4UkBK9a7+66DEc1Xv+i5vL6KqZ2tmAgQInEDAfekJmugQCBQRsBoUYTQJAQIE9hGQUpVxllWVcdwwC+oNSIYQIECAwB/uS50EBAhcBKwGzgQCBAg0JCClKtksAUpJzae58FblNTkBAgROJuC+9GQNdTgEsgWsBtl0NiRAgMD+AlKq8uarYYqvASahb/FEmkRqMAECBHoQcF/aQ5cdI4EtAlaDLUrGECBAIIiAlKpKIwQrRVgxFmE0CQECBPoUcF/aZ98dNYFnAauBs4IAAQINCUip6jZLzpLhuxHN81MZtjYhQIBAPwLuS/vptSMl8FrAauAMIUCAQEMCUqo9mrU9duk2eUG0x4loHwQIEOhJwH1pT912rAReCVgNnB8ECBBoSEBKtV+zkoKYTuIqJvudf/ZEgACBzgTcl3bWcIdLYFHAauDkIECAQEMCUqoDmpUazZwsser88A844eySAAECXQq4L+2y7Q6awIyA1cBpQYAAgYYEpFSHNSsjrLlvcljRWTvu50izeGxEgAABAlUE3JdWYTUpgQYFrAYNNk3JBAj0KyClCtH7d3Kcy7YhDuOPP94/kFCHE0RVGQQIECCQIeC+NAPNJgROKWA1OGVbHRQBAmcViJJunNU39bhKpTxVL8ZNFJkqbzwBAgQInEyg6qXwZFYOh8C5BawG5+6voyNA4GQCUqq4Da0UBoWaNq6+yggQIECgcQH3pY03UPkEiglYDYpRmogAAQL1BaRU9Y1L7CFUtPRmMSU8zEGAAAECBFYE3Jc6RQgQuAhYDZwJBAgQaEhAStVQsx6lvpkT7bx5k8SKJkCAAIHGBdyXNt5A5RMoJmA1KEZpIgIECNQXkFLVN95lDzsHTy92t8vh2gkBAgQIEFgRcF/qFCFA4CJgNXAmECBAoCEBKVVDzcovtWyGlV+HLQkQIECAwF4C7kv3krYfAtEFrAbRO6Q+AgQIDASkVE4HAgQIECBA4IQC7ktP2FSHRCBLwGqQxWYjAgQIHCMgpTrG3V4JECBAgACBqgLuS6vympxAQwJWg4aapVQCBAhIqZwDBAgQIECAwAkF3JeesKkOiUCWgNUgi81GBAgQOEZASnWMu70SIECAAAECVQXcl1blNTmBhgSsBg01S6kECBCQUjkHCBAgQIAAgRMKuC89YVMdEoEsAatBFpuNCBAgcIyAlOoYd3slQIAAAQIEqgq4L63Ka3ICDQlYDRpqllIJECAgpXIOECBAgAABAicUcF96wqY6JAJZAlaDLDYbESBA4BgBKdUx7vZKgAABAgQIVBVwX1qV1+QEGhKwGjTULKUSIEBASuUcIECAAAECBE4o4L70hE11SASyBKwGWWw2IkCAwDECUqpj3O2VAAECBAgQqCrgvrQqr8kJNCRgNWioWUolQICAlMo5QIAAAQIECJxQwH3pCZvqkAhkCVgNsthsRIAAgWMEpFTHuNsrAQIECBAgUFXAfWlVXpMTaEjAatBQs5RKgAABKZVzgAABAgQIEDihgPvSEzbVIRHIErAaZLHZiAABAscISKmOcbdXAgQIECBAoKqA+9KqvCYn0JCA1aChZimVAAECUirnAAECBAgQIHBCAfelJ2yqQyKQJWA1yGKzEQECBI4RkFId426vBAgQIECAQFUB96VVeU1OoCEBq0FDzVIqAQIEpFTOAQIECBAgQOCEAu5LT9hUh0QgS8BqkMVmIwIECBwjIKU6xt1eCRAgQIAAgaoC7kur8pqcQEMCVoOGmqVUAgQISKmcAwQIECBAgMAJBdyXnrCpDolAloDVIIvNRgQIEDhGQEp1jLu9EiBAgAABAlUF3JdW5TU5gYYErAYNNUupBAgQkFI5BwgQIECAAIETCrgvPWFTHRKBLAGrQRabjQgQIHCMgJTqGHd7JUCAAAECBKoKuC+tymtyAg0JWA0aapZSCRAgIKVyDhAgQIAAAQInFHBfesKmOiQCWQJWgyw2GxEgQOAYASnVMe72SoAAAQIECFQVcF9aldfkBBoSsBo01CylEiBAQErlHCBAgAABAgROKOC+9IRNdUgEsgSsBllsNiJAgMAxAlKqY9ztlQABAgQIEKgq4L60Kq/JCTQkYDVoqFlKJUCAgJTKOUCAAAECBAicUMB96Qmb6pAIZAlYDbLYbESAAIFjBKRUx7jbKwECBAgQIFBVwH1pVV6TE2hIwGrQULOUSoAAASmVc4AAAQIECBA4oYD70hM21SERyBKwGmSx2YgAAQLHCEipjnG3VwIECBAgQKCqgPvSqrwmJ9CQgNWgoWYplQABAlIq5wABAgQIECBwQgH3pSdsqkMikCVgNchisxEBAgSOEZBSHeNurwQIECBAgEBVAfelVXlNTqAhAatBQ81SKgECBKRUzgECBAgQIEDghALuS0/YVIdEIEvAapDFZiMCBAgcIyClOsbdXgkQIECAAIGqAu5Lq/KanEBDAlaDhpqlVAIECEipnAMECBAgQIDACQXcl56wqQ6JQJaA1SCLzUYECBA4RkBKdYy7vRIgQIAAAQJVBdyXVuU1OYGGBKwGDTVLqQQIEJBSOQcIECBAgACBEwq4Lz1hUx0SgSwBq0EWm40IECBwjICU6hh3eyVAgAABAgSqCrgvrcprcgINCVgNGmqWUgkQICClcg4QIECAAAECJxRwX3rCpjokAlkCVoMsNhsRIEDgGAEp1THu9kqAAAECBAhUFXBfWpXX5AQaErAaNNQspRIgQEBK5RwgQIAAAQIETijgvvSETXVIBLIErAZZbDYiQIDAMQJSqmPc7ZUAAQIECBCoKuC+tCqvyQk0JGA1aKhZSiVAgICUyjlAgAABAgQInFBgcl/qXwkQIHAROOF655AIECBwIgHL9Ima6VAIECBAgACBm4AbcgIECMwKWCYJECBAILKAlCpyd9RGgAABAgQIZAq4PydAgICUKnMBtRkBAgSOE5BSHWdvzwQIECBAgEA1AffnBAgQkFJVW2JNTIAAgVoCUqpasuYlQIAAAQIEDhRwf06AAAEp1YGLsF0TIEAgT0BKledmKwIECBAgQIAAAQIECBAgQIAAgZICUqqSmuYiQIAAAQIECBAgQIAAAQIECBDIE5BS5bnZigABAgQIECBAgAABAgQIECBAoKSAlKqkprkIECBAgAABAgQIECBAgAABAgTyBKRUeW62IkCAAAECBAgQIECAAAECBAgQKCkgpSqpaS4CBAgQIECAAAECBAgQIECAAIE8ASlVnputCBAgQIAAAQIECBAgQIAAAQIESgpIqUpqmosAAQIECBAgQIAAAQIECBAgQCBPQEqV52YrAgQIECBAgAABAgQIECBAgACBkgJSqpKa5iJAgAABAgQIECBAgAABAgQIEMgTkFLludmKAAECBAgQIECAAAECBAgQIECgpICUqqSmuQgQIECAAAECBAgQIECAAAECBPIEpFR5brYiQIAAAQIECBAgQIAAAQIECBAoKSClKqlpLgIECBAgQIAAAQIECBAgQIAAgTwBKVWem60IECBAgAABAgQIECBAgAABAgRKCkipSmqaiwABAgQIECBAgAABAgQIECBAIE9ASpXnZisCBAgQIECAAAECBAgQIECAAIGSAlKqkprmIkCAAAECBAgQIECAAAECBAgQyBOQUuW52YoAAQIECBAgQIAAAQIECBAgQKCkgJSqpKa5CBAgQIAAAQIECBAgQIAAAQIE8gSkVHlutiJAgAABAgQIECBAgAABAgQIECgpIKUqqWkuAgQIECBAgAABAgQIECBAgACBPAEpVZ6brQgQIECAAAECBAgQIECAAAECBEoKSKlKapqLAAECBAgQIECAAAECBAgQIEAgT0BKledmKwIECBAgQIAAAQIECBAgQIAAgZICUqqSmuYiQIAAAQIECBAgQIAAAQIECBDIE5BS5bnZigABAgQIECBAgAABAgQIECBAoKSAlKqkprkIECBAgAABAgQIECBAgAABAgTyBKRUeW62IkCAAAECBAgQIECAAAECBAgQKCkgpSqpaS4CBAgQIECAAAECBAgQIECAAIE8ASlVnputCBAgQIAAAQIECBAgQIAAAQIESgpIqUpqmosAAQIECBAgQIAAAQIECBAgQCBPQEqV52YrAgQIECBAgAABAgQIECBAgACBkgJSqpKa5iJAgAABAgQIECBAgAABAgQIEMgTkFLludmKAAECBAgQIECAAAECBAgQIECgpICUqqSmuQgQIECAAAECBAgQIECAAAECBPIEpFR5brYiQIAAAQIECBAgQIAAAQIECBAoKSClKqlpLgIECBAgQIAAAQIECBAgQIAAgTwBKVWem60IECBAgAABAgQIECBAgAABAgRKCkipSmqaiwABAgQIECBAgAABAgQIECBAIE9ASpXnZisCBAgQIECAAAECBAgQIECAAIGSAlKqkprmIkCAAAECBAgQIECAAAECBAgQyBOQUuW52YoAAQIECBAgQIAAAQIECBAgQKCkgJSqpKa5CBAgQIAAAQIECBAgQIAAAQIE8gSkVHlutiJAgAABAgQIECBAgAABAgQIECgpIKUqqWkuAgQIECBAgAABAgQIECBAgACBPAEpVZ6brQgQIECAAAECBAgQIECAAAECBEoKSKlKapqLAAECBAgQIECAAAECBAgQIEAgT0BKledmKwIECBAgQIAAAQIECBAgQIAAgZICUqqSmuYiQIAAAQIECBAgQIAAAQIECBDIE5BS5bnZigABAgQIECBAgAABAgQIECBAoKSAlKqkprkIECBAgAABAgQIECBAgAABAgTyBKRUeW62IkCAAAECBAgQIECAAAECBAgQKCkgpSqpaS4CBAgQIECAAAECBAgQIECAAIE8ASlVnputCBAgQIAAAQIECBAgQIAAAQIESgpIqUpqmosAAQIECBAgQIAAAQIECBAgQCBPQEqV52YrAgQIECBAgAABAgQIECBAgACBkgJSqpKa5iJAgAABAgQIECBAgAABAgQIEMgTkFLludmKAAECBAgQIECAAAECBAgQIECgpICUqqSmuQgQIECAAAECBAgQIECAAAECBPIEpFR5brYiQIAAAQIECBAgQIAAAQIECBAoKSClKqlpLgIECBAgQIAAAQIECBAgQIAAgTwBKVWem60IECBAgAABAgQIECBAgAABAgRKCkipSmqaiwABAgQIECBAgAABAgQIECBAIE9ASpXnZisCBAgQIECAAAECBAgQIECAAIGSAlKqkprmIkCAAAECBAgQIECAAAECBAgQyBOQUuW52YoAAQIECBAgQIAAAQIECBAgQKCkgJSqpKa5CBAgQIAAAQIECBAgQIAAAQIE8gSkVHlutiJAgAABAgQIECBAgAABAgQIECgpIKUqqWkuAgQIECBAgAABAgQIECBAgACBPAEpVZ6brQgQIECAAAECBAgQIECAAAECBEoKSKlKapqLAAECBAgQIECAAAECBAgQIEAgT0BKledmKwIECBAgQIAAAQIECBAgQIAAgZICUqqSmuYiQIAAAQIECBAgQIAAAQIECBDIE5BS5bnZigABAgQIECBAgAABAgQIECBAoKSAlKqkprkIECBAgAABAgQIECBAgAABAgTyBKRUeW62IkCAAAECBAgQIECAAAECBAgQKCkgpSqpaS4CBAgQIECAAAECBAgQIECAAIE8ASlVnputCBAgQIAAAQIECBAgQIAAAQIESgpIqUpqmosAAQIECBAgQIAAAQIECBAgQCBPQEqV52YrAgQIECBAgAABAgQIECBAgACBkgJSqpKa5iJAgAABAgQIECBAgAABAgQIEMgTkFLludmKAAECBAgQIECAAAECBAgQIECgpICUqqSmuQgQIECAAAECBAgQIECAAAECBPIEpFR5brYiQIAAAQIECBAgQIAAAQIECBAoKSClKqlpLgIECBAgQIAAAQIECBAgQIAAgTwBKVWem60IECBAgAABAgQIECBAgAABAgRKCkipSmqaiwABAgQIECBAgAABAgQIECBAIE9ASpXnZisCBAgQIECAAAECBAgQIECAAIGSAlKqkprmIkCAAAECBAgQIECAAAECBAgQyBOQUuW52YoAAQIECBAgQIAAAQIECBAgQKCkgJSqpKa5CBAgQIAAAQIECBAgQIAAAQIE8gSkVHlutiJAgAABAgQIECBAgAABAgQIECgpIKUqqWkuAgQIECBAgAABAgQIECBAgACBPAEpVZ6brQgQIECAAAECBAgQIECAAAECBEoKSKlKapqLAAECBAgQIECAAAECBAgQIEAgT0BKledmKwIECBAgQIAAAQIECBAgQIAAgZICUqqSmuYiQIAAAQIECBAgQIAAAQIECBDIE5BS5bnZigABAgQIECBAgAABAgQIECBAoKSAlKqkprkIECBAgAABAgQIECBAgAABAgTyBKRUeW62IkCAAAECBAgQIECAAAECBAgQKCkgpSqpaS4CBAgQIECAAAECBAgQIECAAIE8ASlVnputCBAgQIAAAQIECBAgQIAAAQIESgpIqUpqmosAAQIECBAgQIAAAQIECBAgQCBPQEqV52YrAgQIECBAgAABAgQIECBAgACBkgJSqpKa5iJAgAABAgQIECBAgAABAgQIEMgTkFLludmKAAECBAgQIECAAAECBAgQIECgpICUqqSmuQgQIECAAAECBAgQIECAAAECBPIEpFR5brYiQIAAAQIECBAgQIAAAQIECBAoKSClKqlpLgIECBAgQIAAAQIECBAgQIAAgTwBKVWem60IECBAgAABAgQIECBAgAABAgRKCkipSmqaiwABAgQIECBAgAABAgQIECBAIE9ASpXnZisCBAgQIECAAAECBAgQIECAAIGSAlKqkprmIkCAAAECBAgQIECAAAECBAgQyBOQUuW52YoAAQIECBAgQIAAAQIECBAgQKCkgJSqpKa5CBAgQIAAAQIECBAgQIAAAQIE8gSkVHlutiJAgAABAgQIECBAgAABAgQIECgpIKUqqWkuAgQIECBAgAABAgQIECBAgACBPAEpVZ6brQgQIECAAAECBAgQIECAAAECBEoKSKlKapqLAAECBAgQIECAAAECBAgQIEAgT0BKledmKwIECBAgQIAAAQIECBAgQIAAgZICUqqSmuYiQIAAAQIECBAgQIAAAQIECBDIE5BS5bnZigABAgQIECBAgAABAgQIECBAoKSAlKqkprkIECBAgAABAgQIECBAgAABAgTyBKRUeW62IkCAAAECBAgQIECAAAECBAgQKCkgpSqpaS4CBAgQIECAAAECBAgQIECAAIE8ASlVnputCBAgQIAAAQIECBAgQIAAAQIESgpIqUpqmosAAQIECBAgQIAAAQIECBAgQCBPQEqV52YrAgQIECBAgAABAgQIECBAgACBkgJSqpKa5iJAgAABAgQIECBAgAABAgQIEMgTkFLludmKAAECBAgQIECAAAECBAgQIECgpICUqqSmuQgQIECAAAECBAgQIECAAAECBPIEpFR5brYiQIAAAQIECBAgQIAAAQIECBAoKSClKqlpLgIECBAgQIAAAQIECBAgQIAAgTwBKVWem60IECBAgAABAgQIECBAgAABAgRKCkipSmqaiwABAgQIECBAgAABAgQIECBAIE9ASpXnZisCBAgQIECAAAECBAgQIECAAIGSAlKqkprmIkCAAAECBAgQIECAAAECBAgQyBOQUuW52YoAAQIECBAgQIAAAQIECBAgQKCkgJSqpKa5CBAgQIAAAQIECBAgQIAAAQIE8gSkVHlutiJAgAABAgQIECBAgAABAgQIECgpIKUqqWkuAgQIECBAgAABAgQIECBAgACBPIH/B9YOEbmlU3FIAAAAAElFTkSuQmCC\">', '2018-11-07 14:43:02', '0', '0', '12');
INSERT INTO `dnf_reply_post` VALUES ('32', '8', '0', 'dsdsdsd', '2018-11-07 14:45:44', '0', '0', '12');
INSERT INTO `dnf_reply_post` VALUES ('33', '41', '0', 'dsdsdsd', '2018-11-07 14:47:52', '0', '0', '12');
INSERT INTO `dnf_reply_post` VALUES ('34', '41', '0', '<img src=\"data:image/jpeg;base64,/9j/4AAQSkZJRgABAQIAJgAmAAD/2wBDAAMCAgMCAgMDAwMEAwMEBQgFBQQEBQoHBwYIDAoMDAsKCwsNDhIQDQ4RDgsLEBYQERMUFRUVDA8XGBYUGBIUFRT/2wBDAQMEBAUEBQkFBQkUDQsNFBQUFBQUFBQUFBQUFBQUFBQUFBQUFBQUFBQUFBQUFBQUFBQUFBQUFBQUFBQUFBQUFBT/wAARCABkAGQDAREAAhEBAxEB/8QAHgAAAAYDAQEAAAAAAAAAAAAAAAECBgcJAwUIBAr/xAA3EAABAwMCBAMFBwMFAAAAAAABAgMEAAURBgcIEiExE0FhCRQiUXEVIzJCgZGhF1JicpKxwdH/xAAbAQACAwEBAQAAAAAAAAAAAAABAgADBAYFB//EACYRAAICAQQDAAICAwAAAAAAAAABAhEDBBIhMQUTQSIyFFEVYXH/2gAMAwEAAhEDEQA/AKq1HnUT86KRActW7LIDlpljBYYTnyzU2K6oFh8lWrCSz1wLPOur6WYUORMeV+FuO0pxR+gAqNRh2w8kh6f4Yt1tUFH2foC/OhfZTkJbY/dQFZpZcEeZSJTHXO4Gd6bfDVJkaLkttpGSnxEFWPoDVC1Onk63BpkNai0rddJXJ233i3yLdMbOFNSEFJ/nvW2EYTjcXYts1iR50VBtWGyzzhD280Rv/sLFdchFV4gL9zuKVrPMp0D4V9+ykkfzXK6+c9Ll3ItirQ6NYezz24m22U0mE/BlLypuSy6fuz9D5ZrNj10osZwork3k2due0e4d10y4sym4qwpl8JP3jZ6pNe7DURnGypqiMwK9KCvkViwK1JCigkk9BTIh0pw08Bu4fEa61LjMp0/p4n47nPQr4h/gjur9wKw6nXQ0yr6NGNlke0vsoNodCMMPahjytZ3JIBU5OdU2zn0bQR/JNc7k8nmy/r0XqCXZ0/pbZPR2iIyWLBpq2WltIwBFjISf3xk1hllyT7Y1IcX2A0FpHKAAO2Krq+2TroJywsqBSpsLB9M0uxfCckJ8RXBtovf3ScuHPtbMe7eGfdbg2nlcaX5HI7j0rRh1mXSyTTtCuKfRRHu1tjetndfXbSd+jqYuFvdKCSCEuJ/KtOfIjrXcY5xyxWSP0ztUyZuBXiac4et1WWrifF0pe1txbihSsBjKgEvj/Tk59Cawa7Te/C39Gi6ZdHqOFFnW1MmK43IYebC23WyFJWCMggjoQa4Xa4y2yNXZXjxOyUo3QcRzW5BTFbBD6k8+eZXfIr04cR6E4K0U9cV2WNcGZi60pcAJM4edMwNUbn2iLcUJdjB1Ki2rso586bKqxOSIuz6ANkbPDtOj4jERpDDKW0hKUDAAxXznUuU8jcma0qRJKVAgY6+tRKlSB2LNPVBMRT9926Y71CGQDpUIERgGq2k00yFWPtjtmojY01uLCYCJOfs+apKcc6SSpBP0JV+9dF4jM2njZVNfSrgHFdJ8plJYLwNceqdN2mPtzuRcuW0toDVpu75z4HXo04f7evRR7YxXO+R8cpL2Y+y2Mhl8ZlwErfK4PRXmXIzkVlbbiEpWFpIJBB881jxRcYJSQzZxWjtXT4+iliq0xFJH2AuSbXunZFqVypW8E5Pz8qtkrxSRF2fQHsRI980VFdJ5gUJx+1fNtTFrI7Na5RJvQD6VXupBBzdBTuSrshiffQwgrUegqtySXDIRxrbfK0aT5mwS8+PygGtMMM8zVcAuiN3OKCQ49kR2mWSfhU84lvP+41pegvmwbkRZxjWy77+cPF/SiCVKjNe9NBBCgrl6jBH61o0Thp9Qk+xJO0UpOoU24UKBSoHBB7g12T55KBGcHpVPdjG2c1feHm2UPTnXwy2Gm/FVzlCB2SCfIZ7VhlGN9DJmoT2rVj6FFAVrghWbGxXNyzXiHObOFx3UuD9DWmMFJtClxPDrx1aD05tPFcvt3ahSY7Q52V55iceQrkdX4nPlytwXBojNJGj1L7UizXy5mDp9bMRpSuVMmWvkB9e9XY/BZFG5C+wmLYzeTUmt57cmTeIFzt5I51Qneco+vWvM1mkhhVNDxlZ1m2lD7CSPjSpP715cccf6LLK+PaW3jcrQceB/T/Scp21y2lLnX+Kz46mFZGEJSnJT8+Yj6V0PiseNt+2RTkv4Vkae213Z3i1ImJb7LqO+XN9eCXGnQASe6lKwAPqa6iWXTQW+1wU0y6Lg44YLxsTw9ydL6sur10vV1LkmUyXy4zEKkBIabJ+WMk+ZNcRrNTHPnUoKjSlwUT68t67Tra/wVkqXGnyGST3PK4of9V2seYpf6M77G/VLVBEZrDLsZCk9q04ugMWO1bodCGeG/wC7SG3eVK+RQVyqGQcHsa0Q4YGdgbf8Gdz4ltiY2sNvvdxfoj7jEu1uuEBzB6BJ8jjGM96w5/JLS5dk+mMo2hgw+ALfuXdUwRt1c0LK+XxXAlLQ9efOMVoXkNOuZyBtZZhwN8BTvDVYbpqDVc9E/WFxj+CY8VxRjQ2sglIzjmWSBlWPLArkfJeQWd7ILg0QjR2Jo+V7xY2cnKm8oP6GvEiq4Q5uFI58gjIPkaMXKMiCGYzccENtobB6kIAGaaU5y7BRhuUtuFAkPuqCGmm1LUo9gAMmqq3SUV2N0fM5ujco943K1TPhq54sm5yXmlfNKnFEH+a+jYuIr/hk+jUqp9BEGsMlyMhSe1aMaaFFjtW2P9Ciga0RAzvX2VHEjF2x3El6HvckM2nUCgqOtxWEokAduv8AcB+9eH5fSe6CyL4PCVMuaYeRIQlaFBaCMgjsRXFRacnZpPDqOQIdnlPH8KUEn6VFH8vy6GGntVqSJd48xqO+l0oXnAPUZq6a2tMUe065xre2HJL7bCCcBTisZNI+rJQ19e7w6M2wszl11TqW2WOEhPNzzJKEFQ/xSTkn0FWYsGbUOscSNpFbHFz7VqJqrT1z0dtTBkhuahUd+/yk8h5D0IZR36j8x+fauk0viZY5rJkfRVKfwrDV3roWqKFwIPes8hkIPSsb7HRJG62zly25j2m7Jackaeu8dD8SZynlCikFTavkQc/Udaq0+dTI0R2DXqxKwx3q+LAemFNft0tmTFdUxIZUFtutnCkqByCDVySkq7B0dv7Xe1n3N2+0/GtU+zW3UqWEBAkSnFtuEAY6kA5NeLm8RjzS3R4LVkofrvtndQXOE/DuG29vLLzZQpce5L5hnzALdZ/8FjtNTD7DlG0cZW52ktfTdTab1JNtgfdKxBU54jIQT+EpPQ17ktLgljWOUeirczc6/wCPzeTcaQ0/cNSKiOsgpaMNHhhvIwSB8z8+9UY/H6bFy42TdIgjUurr3rG4LnX27TLvMUSS9MfU6rr6k1sUIx/RUC2zVNOKQ6lSTyqByDnFC7dECfbUy6pCxhQODVExjCe9ZZMZCT3rFJ8jIuB2n24sG7mwlp05qKI3OgSYCEBRT8TagnAWk+SgfOuU9s8OTf8AC+lRXNxRcOdx4btfmzPy2bjbJSS9AlIWnnU306LQDlJGcfI+Vdbo9R/Ix7jNJEOV6iYoAcVdGVAYrNWKQKDHfqcetWKQDOvwEtJKVqW4R8QxgJ/9qxyVEMBIrPuIOCxRbI5YL1IuD7n2g22lMNhHTmUVdVE+ny9aDYx5dO6alahE9xhP3UKOqQ6r5AEAD6kmq06ZB57p6XYhae09dIMdgNuxkplvJdAc8c/kU2TkYSB1xg5PWszldhIwNZ30MjGo9axS7GR1W5xzXzS21tn0poto22czHDUm6Opysd8hoE4Hfuc1ixaCDy+yQdxzZqTVF31hdXrne7lJutweOVyJbpcWf1NezCKjxFUKawHFXpiMPvViZA6sTIAUykABo7mQFI5BPQzHKmFOq5kN4wlfLkKV8s0VygD/ANr1NWdSZ9wZC7ZJWthTqeZS0LSjmThAOMkkdSDjyx3pJPgKNtue/wC8aRZee1ELs4ZSg3Amsck2MgfhUpWAVJV3x8iPOsyTVjEPrNVt8EMau9Y32MhQ6GrYMDFVosAKdMgKNgoPPTvTWSgc1FSBQfNR3koLJpdxKPSFpMBQLyuYLHK15ep/4plLgNEl7FRLhcLy7Bjzfs6LOHuypXgLeLSiMjCU9irGMmqW3tslDf3XuFukamXEtSXzEhJ8DxZbinHnVjopSlKOepHQeQwKW3QRkqqtkEK71lfYyDHangwMMHFX2APmpkwgyKNgDzUsgKKZAUWyAobiAB9am4g9pN3FjZiT7W25BUiKGApw8rjqz1K8AnIHXr61a3+JBkuOKcUVKJKicknuazNkEUjdIgknrWZy5HDTUiyAz1prZA6NsFAouTJQKG5koA6imUmSgUZSZKBSbmSgDqKKkyUZHHnHUJC1lQSMDJ7CrnJ7SUY6ptslBKNI2EKq2Q//2Q==\" alt=\"\">soul', '2018-11-08 14:08:59', '0', '0', '16');

-- ----------------------------
-- Table structure for dnf_signin
-- ----------------------------
DROP TABLE IF EXISTS `dnf_signin`;
CREATE TABLE `dnf_signin` (
  `sid` int(11) NOT NULL AUTO_INCREMENT,
  `uid` int(11) NOT NULL,
  `signintime` datetime NOT NULL DEFAULT CURRENT_TIMESTAMP,
  PRIMARY KEY (`sid`),
  KEY `uid` (`uid`),
  CONSTRAINT `dnf_signin_ibfk_1` FOREIGN KEY (`uid`) REFERENCES `dnf_user` (`uid`)
) ENGINE=InnoDB DEFAULT CHARSET=utf8;

-- ----------------------------
-- Records of dnf_signin
-- ----------------------------

-- ----------------------------
-- Table structure for dnf_theme
-- ----------------------------
DROP TABLE IF EXISTS `dnf_theme`;
CREATE TABLE `dnf_theme` (
  `tmid` int(11) NOT NULL AUTO_INCREMENT,
  `tmname` varchar(100) NOT NULL,
  `tmlogo` varchar(100) NOT NULL,
  PRIMARY KEY (`tmid`)
) ENGINE=InnoDB AUTO_INCREMENT=15 DEFAULT CHARSET=utf8;

-- ----------------------------
-- Records of dnf_theme
-- ----------------------------
INSERT INTO `dnf_theme` VALUES ('1', '综合讨论', 'gameforum.png');
INSERT INTO `dnf_theme` VALUES ('2', '体验服', 'experience.png');
INSERT INTO `dnf_theme` VALUES ('3', '论坛快讯', 'news.png');
INSERT INTO `dnf_theme` VALUES ('4', 'DNF中医馆', 'medicine.png');
INSERT INTO `dnf_theme` VALUES ('5', '客服&BUG反馈', 'service.png');
INSERT INTO `dnf_theme` VALUES ('6', 'TP安全复查', 'tenprotect.png');
INSERT INTO `dnf_theme` VALUES ('7', '跨区稳定性', 'affairs.gif');
INSERT INTO `dnf_theme` VALUES ('8', '月关酒馆', 'moonlight.gif');
INSERT INTO `dnf_theme` VALUES ('9', '灌水闲谈', 'chatforum.gif');
INSERT INTO `dnf_theme` VALUES ('10', '奶粉SHOW', 'fanshow.gif');
INSERT INTO `dnf_theme` VALUES ('11', 'DNF手游筹备区', 'mobilegame.gif');
INSERT INTO `dnf_theme` VALUES ('12', '论坛事务', 'affairs.gif');
INSERT INTO `dnf_theme` VALUES ('13', '非工作人员禁入', 'work.png');
INSERT INTO `dnf_theme` VALUES ('14', '赛利亚的小黑屋', 'blacklist.gif');

-- ----------------------------
-- Table structure for dnf_theme_post
-- ----------------------------
DROP TABLE IF EXISTS `dnf_theme_post`;
CREATE TABLE `dnf_theme_post` (
  `pid` int(11) NOT NULL AUTO_INCREMENT,
  `uid` int(11) NOT NULL,
  `tyid` int(11) NOT NULL DEFAULT '1',
  `title` varchar(100) NOT NULL,
  `content` mediumtext NOT NULL,
  `postingtime` datetime NOT NULL DEFAULT CURRENT_TIMESTAMP,
  `pstatus` int(11) NOT NULL DEFAULT '0',
  `pcase` int(11) NOT NULL DEFAULT '0',
  `plike` int(11) NOT NULL DEFAULT '0',
  `visits` int(11) NOT NULL DEFAULT '0',
  `tmid` int(11) NOT NULL,
  PRIMARY KEY (`pid`),
  KEY `tmid` (`tmid`),
  KEY `tyid` (`tyid`),
  KEY `uid` (`uid`),
  CONSTRAINT `dnf_theme_post_ibfk_1` FOREIGN KEY (`tmid`) REFERENCES `dnf_theme` (`tmid`),
  CONSTRAINT `dnf_theme_post_ibfk_2` FOREIGN KEY (`tyid`) REFERENCES `dnf_type` (`tyid`),
  CONSTRAINT `dnf_theme_post_ibfk_3` FOREIGN KEY (`uid`) REFERENCES `dnf_user` (`uid`)
) ENGINE=InnoDB AUTO_INCREMENT=42 DEFAULT CHARSET=utf8;

-- ----------------------------
-- Records of dnf_theme_post
-- ----------------------------
INSERT INTO `dnf_theme_post` VALUES ('1', '1', '1', '\r\nDNF官方论坛.写手团人品帝期刊 .第二十期', 'DNF官方论坛\r\n\r\n写手团人品帝期刊\r\n\r\n第二十期\r\n鬼气同学祝你上16，加油哦跟帖许愿哦，如果许愿成功记得回来还愿，随机抽取cdk赠送哦.\r\n\r\n\r\n\r\n\r\n\r\n\r\n\r\n\r\n\r\n嗯？那么有人就问了。如何投稿呢？投稿方法如下：\r\n一、投稿邮箱地址： dnfrpd@qq.com\r\n内容格式如下：\r\nQQ：123456789（用于抽奖）\r\n游戏ID：XX\r\n跨区：跨X\r\n感想：今天三等一终于毕业了，真开心啊！\r\n     （附图）\r\n\r\n不知道如何使用邮箱的同学，点击此文字！\r\n\r\n二、官方投稿QQ群：282500380\r\n点击链接加入群←点我\r\nps：使用方法1的勇士建议也加一下QQ群，以后投稿就更方便了！\r\nQQ群会经常送CDK哦。一般人我不告诉他！\r\n\r\n期待大家的来稿，一经录用，有机会获得黑钻，番薯等cdk哦！', '2018-10-31 14:52:54', '0', '2', '8', '78', '1');
INSERT INTO `dnf_theme_post` VALUES ('2', '2', '2', '只要你速度够快，系统都会判断错误', '进图惯性用月轮舞柔化疾驰，然后就发生这样一幕，我都没有看到月轮舞的特效，然后看了一眼伤害\r\n\r\n我甚至可以骗过系统！这个技能只是个位移技能不会碰到怪', '2018-10-31 14:54:46', '0', '0', '7', '5', '1');
INSERT INTO `dnf_theme_post` VALUES ('3', '3', '2', '【聊一聊】帝国竞技场，你用了几秒？', '很多玩家一直期盼的帝国竞技场今天终于上线国服了。\r\n不知大家对帝国竞技场看法如何呢？来投个票吧！\r\n说说你的攻略组合，上图秀下你的通关时间吧！\r\n\r\n合格回复奖励1~2代币。\r\n每天（0点~23:59）最短通关时间和最长通关时间的玩家额外奖励3代币（最多奖励一次）。', '2018-10-31 14:55:40', '0', '0', '2', '8', '1');
INSERT INTO `dnf_theme_post` VALUES ('4', '1', '3', '我的号，自从回归了一直安全模式什么情况', '\r\n一个多月了。\r\n安徽1', '2018-10-31 14:56:15', '0', '0', '2', '4', '1');
INSERT INTO `dnf_theme_post` VALUES ('5', '2', '2', '每天第一次上游戏到选择角**面必定网络连接中断', '天天这样持续几个月了，我是怎么坚持住的...求解决方法', '2018-10-31 20:08:55', '0', '0', '14', '3', '1');
INSERT INTO `dnf_theme_post` VALUES ('6', '5', '1', '300个调级箱都洗不出最上级，想闹哪样', 'RTRTRTRTR~', '2018-10-31 20:09:27', '0', '0', '1', '2', '1');
INSERT INTO `dnf_theme_post` VALUES ('7', '7', '1', '听说有一个帅比签到300天了？快来让大家看看。', '有一个帅比签到300天了。是谁我就不点名了，自觉留言。', '2018-10-31 20:10:11', '0', '0', '1', '4', '1');
INSERT INTO `dnf_theme_post` VALUES ('8', '11', '1', '今天我打团掉了.我就想来说说多开！', '多K让服务器爆满…飞J串改游戏数据！我掉线不怪你们我怪谁？\r\n天天论坛那些多K戏精。在这表演，什么回归啊新号啊。\r\n真有这么多这样的玩家大家心里都有数。\r\n\r\n在来说说CH对多K的态度.我承认现在每个人都能强的起装备了.\r\n但是越来越多平民买不起礼包了.\r\n反正之前验证码。机器码各种问题我这个正常玩家是没感觉到。\r\n能体验这些东西的人都是些什么人我就不知道了。\r\n但是为什么取消这些验证码机器码！ 没这些人我会打团掉线吗？', '2018-10-31 20:10:47', '0', '0', '1', '3', '1');
INSERT INTO `dnf_theme_post` VALUES ('9', '10', '2', '阿熙啊积分商城好补货啦', '疯狂暗示', '2018-10-31 20:11:10', '0', '0', '1', '2', '1');
INSERT INTO `dnf_theme_post` VALUES ('10', '11', '1', '【每周话题】来谈一谈你游戏中最作死的操作？！ ', '风雨游戏十年，总是有一些让人智息的操作。\r\n\r\n4个豆子就开罐子，史诗灵魂不小心点到了左右槽的罐子。\r\n\r\n黑商出了遗愿，发现身上没带钱，\r\n\r\n\r\n\r\n\r\n\r\n勇士们，来说说你自己以前那些让人智息的游戏操作吧。\r\n\r\n（有效回复都会送出代币哦，！还有随机抽选幸运玩家赠送疲劳药和官方论坛称号CDK哦，！）', '2018-10-31 20:11:40', '0', '0', '1', '2', '1');
INSERT INTO `dnf_theme_post` VALUES ('11', '8', '1', '活动诅咒史诗', '\r\n那个诅咒的史诗可以用大号凑一套用解除券解除后送给小号吗？', '2018-10-31 20:11:59', '0', '0', '1', '1', '1');
INSERT INTO `dnf_theme_post` VALUES ('12', '9', '3', '东北一区找个男角色结婚，我是武神', '木有心意点，不过经常在线，不离不弃的可以来', '2018-10-31 20:12:25', '0', '0', '1', '10', '1');
INSERT INTO `dnf_theme_post` VALUES ('13', '2', '1', '忠实玩家称号随机放送1份', '第一个回我的帖子就送你一个。。。。', '2018-10-31 20:12:44', '0', '0', '2', '2', '1');
INSERT INTO `dnf_theme_post` VALUES ('14', '1', '3', ' 爆笑阿拉德共创表情包', '爆笑阿拉德共创表情包', '2018-10-31 20:13:04', '0', '0', '1', '3', '1');
INSERT INTO `dnf_theme_post` VALUES ('15', '3', '1', '嗯，大晚上的，我无聊了，要刷深渊了(回复有代币)', '有人和我一样闲着无聊吗，猜猜我 1020票 34次时空深渊能出几个SS。。猜的最接近的  给10个代币...(前提是 5个人以上猜吧)\r\n友情提示（最近4000票出了21个SS  系统自动截图的那种）\r\n目前深渊票\r\n目前装备及背包\r\n半小时后见。。希望能看到你们的回复', '2018-10-31 20:13:37', '0', '0', '1', '2', '1');
INSERT INTO `dnf_theme_post` VALUES ('16', '2', '1', '战斗力系统', '\r\n不是吹牛逼老子7W红狗比大部分15W战斗力其他职业伤害一样 甚至还高 他马币打个卢克各种嫌弃 ,你这样的战斗力系统有什么用 别人只看战斗力数字 管你打不打的了', '2018-10-31 20:14:05', '0', '0', '1', '1', '1');
INSERT INTO `dnf_theme_post` VALUES ('17', '3', '1', '红眼必备的三套换装你知道吗？快来了解下', '红眼必备的三套换装你知道吗？快来了解下\r\n作者：花絮\r\n想要提升伤害，换装是必不可少的，一套完美换装可以让伤害增加一倍，想想都觉得**。\r\n玩红眼的小伙伴们都知道，暴走是红眼的核心BUFF技能，要知道能换装的不止是暴走，下面就给大家介绍红眼毕业的三套换装。\r\n一、暴走换装\r\n暴走换装是红眼的核心换装，也是最重要的换装，提升率最大。红眼没有绿色气息加成的异界散件换装，所以只要保证在有厄运之忆6件套的前提下，暴走等级堆到20级即可，这样就达到了暴走的基础换装。\r\n进阶\r\n暴走的完美换装就是在基础换装的护腿部位换成暴走腿，还要保证厄运之忆6件套和暴走等级达到20。暴走腿从面板属性来看，多了额外的5.4技能攻击力和39的力量，实际提升只有3%左右，但对于追求高伤害的你来说是必不可少的。\r\n二、嗜血换装\r\n因为嗜血无视等级，所以只要简单的**之谋6件套换装即可，小伙伴们可以随意搭配位置。施放嗜血后，可以增加200点力量，需要注意的是换装后不要再次施放嗜血，不然就白换了。现在暴走直接用BUFF等级，把嗜血换装用原来的BUFF换装就可以了。\r\n进阶\r\n在**之谋6件套的基础上搭配上魔战腰带、魔战腿甲、时间支配斗篷（歌兰蒂斯商店50个史诗灵魂购买）以及减少CD的称号（土豪的选择），既可以吃到嗜血换装带来的200力量加成，又能保证全程背着大宝剑，岂不是美滋滋。\r\n三、红阵换装\r\n红阵换装是鬼剑士通用的，需要夜叉王3，然后其他部位堆技能等级，20级上限。还可以偷学封印解除来增加红阵的范围，每增加一级，范围增加10%，等级上限为10级，增加100%范围。红阵的效果队友也是可以吃到的。\r\n进阶\r\n完美红阵换装需要夜叉王3和领域3，其他部位要把技能等级堆到20级。换装武器无名战士之刃（红阵等级+3）已经被炒到了天价，小伙伴们也可以考虑所有CC武器（红阵等级+1）和90级自制史诗逸龙剑-抉择（红阵等级+2）、西岚的妖刀（红阵等级+2）。\r\n推荐大家暴走换装直接登记就行，进图之前穿戴嗜血换装，进图后开一觉，开嗜血，然后切输出装！在精英怪或者boss房间前换红阵换装，进图后方红阵再换输出装。', '2018-10-31 20:14:32', '0', '0', '1', '11', '1');
INSERT INTO `dnf_theme_post` VALUES ('18', '6', '1', '【DPL分析】职业战队角色选择，推荐组合速杀卢克！', '【DPL分析】职业战队角色选择，推荐组合速杀卢克！\r\n作者：狐狸\r\nDPL赛事不同于职业联赛以PK为主，DPL赛事为刷图竞赛，两支队伍进行角逐，谁的通关时间最快，谁就是最终的获胜者。虽然刷图竞赛看起来简单，但是也非常考验选手之间的配合以及默契，在这里装备都是统一的，并没有所谓的神装和高强武器，两支队伍使用的武器和装备都是一模一样的，在保证了公平性的同时，也让通关副本的难度增加了许多。\r\n而本周10月28日，DPL两大强队，TCH与25W相遇，无疑会是一场血与火的争斗，在历经两场比赛之后，TCH以他们默契的配合以及娴熟的职业操作技巧成功的取得了胜利，尤其是在第二场比赛中，TCH的表现更是非常精彩，接下来我们就一起来看一看TCH在10月29日对战25W战队的第二场比赛中，有哪些精彩的表现吧。\r\n【阵容选择】\r\n在阵容选择方面，TCH选择了天帝、铁血统帅、幽影夜神以及奶妈四个职业，这个阵容中，天帝的输出能力和控制能力非常强劲，并且铁血统领也是有着高额输出能力的职业，而幽影夜神则有着较强的控制能力和清场能力，外加奶妈的强势辅助，这个阵容在刷卢克时，会比我们平时随机组合的阵容要强大的多，毕竟有控制有输出也有辅助的阵容，才是团队模式的推荐之选。\r\n【BAN位选择】\r\nTCH选择BAN掉的英雄分别为：鬼泣、驱魔、巫女这三个职业，在当前版本中，鬼泣占据着超一线的地位，其输出能力和辅助能力都是极为出色的，对于竞速来说，如果有了鬼泣的存在，那么团队阵容能够发挥出的效率是事半功倍的。\r\n驱魔的狗能够减防御，并且驱魔的输出能力也是非常爆炸的，在狗咬住怪物之后，驱魔与队友可以通过一系列的连招，对精英怪物造成巨额的伤害，并且驱魔本身虽然缺乏控制技能，但是力驱的输出能力确是不容小觑的，所以TCH要将驱魔BAN掉。\r\n神龙天女的辅助能力也是很强的，并且因为自身技能的原因，神龙天女也有着强大的清兵能力，可以通过利用自己的技能，对敌人造成大面积的魔法伤害，在攻击BOSS或精英怪时，神龙天女也可以打出非常优秀的输出，对于TCH来说，如果敌方拿到了神龙天女，对自己终究是个威胁，所以这里也要将神龙天女BAN掉。\r\n总结：一个合理的阵容能够让我们在刷卢克时事半功倍，而职业选手们所选择的阵容也是十分强势的，我们可以参考职业选手的阵容在游戏中进行使用。', '2018-10-31 20:15:16', '0', '0', '1', '1', '1');
INSERT INTO `dnf_theme_post` VALUES ('19', '9', '1', '【求教】如何才能在游戏里举报飞行员', '\r\n怎么举报游戏里打团的飞行员啊..记得有个热键快捷键的 曾经用过 忘记是什么了 记忆中是 ALT+F1 但是那个是 录屏 记得有个是举报的 上面有团里面所有队员名字 然后去选的那个', '2018-10-31 20:15:37', '0', '0', '2', '4', '1');
INSERT INTO `dnf_theme_post` VALUES ('20', '10', '1', '现在DNF对新人这么不友好的吗？ 注册的几个新QQ都是无限5天，你让我怎么入坑？', '现在DNF对新人这么不友好的吗？  注册的几个新QQ都是无限5天，你让我怎么入坑？', '2018-10-31 20:16:00', '0', '0', '1', '1', '1');
INSERT INTO `dnf_theme_post` VALUES ('21', '9', '1', '异想天开：“异界套装属性”登记系统', '现在的DNF除了每周的副本之外感觉已经没什么动力玩了！特别是已经毕业的号，除了拖小号副本之外真的连上都懒得上了！刷图更是不存在的，特别是一些没什么大范围攻击技能和技能CD较长的职业，刷图那是真的腻歪！\r\n随着BUFF登记系统的实装与完善，我想是不是可以再出一个“异界套装属性”登记系统呢！\r\n这个登记系统就好像BUFf登记系统一样，只要把6-9件异界套装登记上去，角色就能获得对应的异界套装属性效果，想想进图的时候身上穿着毕业装备也能拥有异界套的特效就爽！这样曾经辉煌一时的各种流派又得以复活了，那么大号刷图也挺有意思的了！最爽的是在副本的时候也能看到各种流派的炫酷，打副本也没那么单调，除了秒秒秒就真没什么了！\r\n能登记的异界套可以选现在拥有的属性，或者程序员辛苦点再整一批能登记的异界套出来，当然获取的难度还是要有的，毕竟太容易获得就少了点制作过程的乐趣！而且也太便宜工作室了！在异界再整个图，难度跟乌龟每日或者卢克每日差不多！或者把魔兽副本弄进去，哈哈，那样只能是大号去打了！\r\n要是出了这个登记系统的话，大号刷图也挺有乐趣的了，各种流派技能换着来！起码不用每周打完副本就一阵空虚！\r\no(︶︿︶)o 唉。。。也就想想而已，呵呵！！', '2018-10-31 20:16:36', '0', '0', '1', '1', '1');
INSERT INTO `dnf_theme_post` VALUES ('22', '8', '1', '不会咕战队：虽然不会咕 但是很会刷图', '不会咕战队：虽然不会咕 但是很会刷图\r\n如今地下城的勇士们最关心的必定是DPL联赛了。在精彩的角逐之后，DPL八强战队火热出炉。这些战队不乏豪门劲旅，拥有三名冠军选手的不会咕战队就是其中之一。我们就一起来了解一下他们吧。\r\n不会咕战队的四名成员分别为韩伯初、沈赟、楼六明、徐桥高。除了徐桥高游戏生涯八年之外，其他几名选手均为十年老玩家。在颜值，搞怪，信心，默契，生涯五项评分中，颜值和搞怪评分较低，分别为70和75，但是他们在信心、默契、生涯三项硬实力上均达到了90的高分，是一支实战能力极强的战队。\r\n不会咕战队主要成员\r\n韩伯初游戏id是**ts绝杀，是一名来自上海2区的十年老玩家。韩伯初曾经表示，他喜欢团队竞技的感觉，尤其是比赛时紧张的窒息感，和取得好成绩时的酣畅淋漓。这一次他将出战炽天使参赛。\r\n沈赟游戏id是狗王天尊，浙江3区的他玩DNF也有十年了，同时也是一名DNF主播。这次DPL联赛让他终于有了能发挥实力的平台。这次比赛他使用的角色是真龙星君。\r\n楼六明的游戏id是星夜愿の绯，同样也是十年老玩家，所在区服是浙江3区。他是一名特别认真的选手，为了DPL比赛，经常练习到深夜。\r\n徐桥高游戏id是爱人，江西1区的他玩DNF已经八年了。这次比赛他使用的角色是天帝。他从小就有一个电竞梦，这次比赛从海选到线下赛，很多事都给他留下了深刻的印象。\r\n不会咕战队之前以6分38秒的成绩打进了八强，位列普通榜第四。不会咕战队由三位经验老道的冠军选手与一名鬼马萌新组成，堪称经验与活力并存，同时他们也信心满满，相信冠军一定会来。\r\n不会咕战队的楼六明说，他期待DPL好几年了，其他队员也都是十分热爱DNF的玩家。有梦想，就去勇敢追寻。希望他们能取得好成绩，实现心中的梦想。', '2018-10-31 20:17:03', '0', '0', '1', '1', '1');
INSERT INTO `dnf_theme_post` VALUES ('23', '6', '6', '熊猫胤必战队：熊猫出手 我就是国宝', '熊猫胤必战队：熊猫出手 我就是国宝\r\n一个出色的团队，必定是**协力，共进共同的。在DPL八强战队中，熊猫胤必战队就是一支团队成员步伐一致的卓越战队。同时，熊猫胤必战队也是本次DPL的一支夺冠热门战队。今天我们就一起了解一下他们吧。\r\n熊猫胤必战队的成员分别为娄威、庄毛敏、袁立夫、袁怀志。在颜值，搞怪，信心，默契，生涯五项评分中，由于团队中有一名游戏生涯只有一年的队员，所以游戏生涯是他们的短板，只有60分。不过他们团队步伐统一，游戏id也都保持统一格式，是一支信心满满的战队，所以信心值高达90发，足以领跑八强。\r\n熊猫胤必战队的主要成员：\r\n娄威游戏id是Racing丶胤，来自浙江一区的他有着八年的游戏生涯，由于内心对刷图的无限热情，来到DPL的赛场。这一次他将拿出裁决女神参赛。\r\n庄毛敏游戏id是Racing丶敏，来自浙江一区的他玩DNF已经十年了。受到好友娄威的邀请加入战队，这一次他将用真龙星君参赛。\r\n袁立夫游戏id是Racing丶秋，是一名湖南一区的玩家，他原本是一名LOL高分路人，后因种种原因转战DNF。虽然玩DNF仅仅一年，但是实力却十分强大。本次他将用拿手的炽天使参赛。\r\n袁怀志的游戏id是Racing丶災，江西一区的他有着四年DNF游戏生涯。早期86版本暗影9修罗舰炮起家，为了伤害放弃修罗去玩了女大枪，一直玩到现在。这次比赛他将用天帝出战。\r\n熊猫胤必战队的成员间关系融洽，而且实力强劲，以6分59秒的成绩晋级八强，位列网吧赛的第二名。其中表现卓越的便是袁立夫，他虽然只有一年游戏生涯，但是其实力让很多老玩家都望其项背，同时他还有更强的潜力等待发觉。熊猫胤必战队是目前八强队伍中成长空间最大的战斗，更是当前很多人都看好的战队。\r\n正如他们的口号“大枪与暗帝的完美结合。弑神剑下皆蝼蚁，暗帝大枪真无敌”。我们期待着熊猫胤必战队能够在DPL赛事中取得更好的成绩。', '2018-10-31 20:17:32', '0', '0', '1', '1', '1');
INSERT INTO `dnf_theme_post` VALUES ('24', '9', '4', '有多少人的主角色已经毕业？(此毕业衷心天地可鉴）', '磨剑十年，只为辉煌\r\n磨砺翅膀，破晓羽化\r\n我不曾后悔踏入城中，就因为不想我以往的努力让它付之东流\r\n这各种滋味和体会，也只有城中人能懂那种伤化摧体而满之伤痕\r\n\r\n(毕业针对所有90级别自己可用史诗）\r\n\r\n借助地下城与勇士磨练人生愈来愈长久，而且这艰苦漫长的过程让人无法忘怀\r\n随后我们都在漫步的等待100级版本和伟大的新异界（二）新版本！\r\n但我们不想在那个以后的新图里难过，突然像个打不动怪的还需要大佬带！\r\n我们的勇士们拼命的赶，都在勇往直前谁也都不曾想落后！\r\n          （毕业吧，毕业啊~ 。拼命的呐喊）\r\n                （勇士们）', '2018-11-01 09:15:53', '0', '0', '1', '1', '1');
INSERT INTO `dnf_theme_post` VALUES ('26', '1', '11', '【DNF小喇叭】10月26日跨3A大跨区网络波动通知  ', '今天凌晨1点50左右，小喇叭接到了官方发来的讯息，网络故障导致跨3A大跨区出现网络波动，如遇掉线、登入困难等情况，请重新登入游戏即可。\r\n　　小喇叭与你同在！', '2018-11-05 11:52:08', '0', '2', '1', '6', '1');
INSERT INTO `dnf_theme_post` VALUES ('27', '1', '9', 'DNF违规封停公告（10月）', '\r\n尊敬的勇士，\r\n本次封停为使用第三方工具严重违规用户，并重点针对彩虹外挂进行封停，本次违规封停期限：3年。\r\n近期，官方将持续针对类似于彩虹外挂相关功能的违规第三方进行重点打击，请大家珍爱账号，远离外挂。\r\n部分封停名单：\r\n（封停维度为账号封停，跨区、角色名对应一个账号仅供识别）', '2018-11-05 11:52:39', '0', '2', '1', '2', '1');
INSERT INTO `dnf_theme_post` VALUES ('28', '2', '9', '【十月招募】DNF客服BUG专区版主招募公告 ', '《地下城与勇士》已经成为格斗网游的领军代表，火爆的人气以及玩家无以伦比的热情无一不使dnf散发着无以伦比的魅力。ｄｎｆ官方论坛以游戏、娱乐为一体的休闲场所，在这里大家可以在各个版面主题进行全方位交流互动。现论坛体验服交流区版面发展需要招募版主N名，如果你热爱这款游戏，在线时间充裕，那么欢迎加入我们的团队。', '2018-11-05 11:53:36', '0', '2', '0', '2', '1');
INSERT INTO `dnf_theme_post` VALUES ('29', '3', '4', '【月光酒馆超级福利】你分享，我有奖！', '【1】在月光酒馆版面发帖\r\n注：标题随意，发帖类型可以是游戏、动漫、电影、视频、音乐、小说、美图、补丁.....\r\n想发歌曲和视屏的萌新点这里》》》》》\r\n对帖子有着美的追求者点这里》》》》》\r\n\r\n【2】在月光酒馆版面的帖子里互动\r\n你不想发帖？那就回帖吧，参与和支持也是一种美德。\r\n\r\n【3】月光酒馆版面欢迎各种原创\r\n你的故事，你的才华，你的创作....你的一切一切，我们都欣然接受！', '2018-11-05 11:54:57', '0', '2', '1', '4', '1');
INSERT INTO `dnf_theme_post` VALUES ('30', '2', '1', '测试标题', '测试内容', '2018-11-06 11:46:33', '0', '0', '0', '0', '1');
INSERT INTO `dnf_theme_post` VALUES ('31', '2', '3', '对帝国竞技场的满意度怎么样', '\r\n还行吧，反正我都已经快95了，快一点慢一点意义不大,随便吧', '2018-11-06 14:44:10', '0', '0', '0', '0', '1');
INSERT INTO `dnf_theme_post` VALUES ('32', '2', '5', '百变拼图转转转宝珠随机属性是多少啊', '<table cellspacing=\"0\" cellpadding=\"0\" style=\"overflow-wrap: break-word; empty-cells: show; border-collapse: collapse; table-layout: fixed; width: 650px; color: rgb(68, 68, 68); font-family: Arial, &quot;Microsoft YaHei&quot;, &quot;Microsoft YaHei&quot;, &quot;Microsoft YaHei&quot;, sans-serif; font-size: 12px; background-color: rgb(255, 255, 255);\"><tbody style=\"overflow-wrap: break-word;\"><tr style=\"overflow-wrap: break-word;\"><td class=\"t_f\" id=\"postmessage_17417383\" style=\"overflow-wrap: break-word; font-size: 14px;\">求百变拼图转转转宝珠随机属性是多少<img src=\"data:image/gif;base64,/9j/4AAQSkZJRgABAQEAYABgAAD/2wBDAAYEBQYFBAYGBQYHBwYIChAKCgkJChQODwwQFxQYGBcUFhYaHSUfGhsjHBYWICwgIyYnKSopGR8tMC0oMCUoKSj/2wBDAQcHBwoIChMKChMoGhYaKCgoKCgoKCgoKCgoKCgoKCgoKCgoKCgoKCgoKCgoKCgoKCgoKCgoKCgoKCgoKCgoKCj/wAARCABkAGQDASIAAhEBAxEB/8QAHAAAAgIDAQEAAAAAAAAAAAAAAAYFBwIDBAEI/8QARBAAAQMDAQUFBQUEBgsAAAAAAQIDBAAFEQYSEyExQSJRYXGBBxQykaEVQrGywVJigqIjJFNU0fAmM0NjcnSDksLD0v/EABoBAAIDAQEAAAAAAAAAAAAAAAIEAAMFAQb/xAAjEQACAgICAgIDAQAAAAAAAAAAAQIRAzEEIRIyE0EiUWGB/9oADAMBAAIRAxEAPwD6UooooygKKK1yH2Ysd1+StLbLSSta1HASAMkmoQ2YNQM3V1pjvLYjrdnvoOFNw0bzZPcpXwg+ZFLM6ZM1Tlby3YdlP+ripJQ5IT0U4eYB/YHTn3V1sssxY6WY7TbLKBgJQkJAHkKXnnrqI3j433I6pWp7o8gpgWhLKlHAXLfHZ8SlGc+WRUel7UbK/eG702+91jvRkJYPgNntp89o+tZw1F1svq/2nFI7k9P8fWt9UvLJl6wwX0bY2qbmyR9qWZLieq4EjefyrCT8ianbPfbfeNpMF/LyPjYcSUOI80nBHnypcBB5Hka5bhCalBLiipp9rtNvtHZcbPek/pyPUGijmafYE+PF66LBwa8xS1pTUDkp77LuikG4JRvG3kjCZLf7YHQjhlPiCOB4Mx401GSl2hKUXF0zyiiiiBCiiioQB40l6yeNzvDFmSf6nHQmVMA5OKJO6bPhlKlEfup6GnQc6TtOIbmrvc1eFvS33FI79lBLaceiEn+KqczpUi7jq5WzTtjebvrjaNcF9loiw0NrJC5TiIzYHPKyBnyANbGhI94lvNth5pKw1sp+MYSDw7/iPCoF+UZ85mWhp1bCJLTSCUEJQnbHEk9SRy54ApNmmoPbGpICQAkYGMAVilaVOKQD2k4J8M8vwralJKSoDKU8z3VBPXDdRrlKYbU6ovlhrYGSVJAT+bI4VGBvokoKt4wV9FOLI8to4rNh0uOPtqHFtQHoQCP1qJ05NabgCGC849HUUBG7VtlPMHBGeRx6V3xd8q8PIWwpsutIKUlQJOFKHTlzHWoE4tHDKivOodTCWG7hBcEmGs8gSCQD+6e2kjuqwdP3Vm+WaLcI3BLyApSCe0hXVJ8QQR6Ui6tb+yJcKQpakuSWVNdnh2gtOB8lqPpWpxtjTlwh3eA2mO2l5DMxDfZS6ytWyVKHIlJIVnnz76uxZPB0LZsfmrRZ1FenA50U6IHlFFAGa4Q1yn0xYr77hwhptS1HuAGf0qsdLS3YrMdlC8KLe7WRzCy20sjz4Kpw15FulwsZt9oQ1tSlht951WEtM81nHM5AxjxqvbVvW7Ml8K30ptqPOUeRWSkhZ8yAr50tnehzipU2SSG1uPOMwlKbmypTicoVglAOCT6YAJ5ZpwvFnbhaSUy1jMctvkjqUKCj9BSNadCWvU1wu91euFyO2oFhMeWttKQUA8k+OfXNUT7M7hPd9o1jizLhNdaeliO6hx9agoKykggnxqhDTuSpPR9H3iaLfbZEjIK0pwgd6ulYaJtS5MiG27xjW4bxwn78hWSR47OT6nwrmftNxvM5qEhBbREWA64oc1DhkDry4etNc/R0KZaocH3y4xExyVBcOUplSlHmVEc+/jXErZyUlGNX2yB1E2/ZL4t1pwNwZShvFhIJRxOFDPAcTg8DwOelYNN+73xhaVuLdUwvKlqJOUqT8ufSvnrWerdQ2nVd4tcS/XB+FFkuNNpkub04SSOO0Kt3QYvMduG7f5bT7P2cmQ0Q1sKQleyrBOcEAdfCpotabirZ3e0i5Oy7NCdcSkKZlrbCgPiOwr9UipjUTImafuLX9pGcx4HZOD88Ur6tbdd0ZBIbWpxx1TygBxTtIcJPkNqm5tQdtCFcwtjPnlNQBqkOtnkGXZ4Ekji9HbcOfFINFcukz/opZT3wmfyCitFaMmW2StejgaXGXdTXK2tzYSbbFTJ2VNMvIWpxDavvKUDjaAOdnHhnrWF5iT9PQk3QXiZLDLjfvDL6UFC21LCVEBKQUkAkjHdxoHNBfHZK6kk+6aeucjOC1FdWD5INVha2zFvqWiAUiAxFUk8s4WR+Uj1pz1vdoErTVxhxJsZ2Q6hpottuBSgHVpSCQOQIJpYWhKtVy2Ccb2IlaCOhQoYP81L5ndDfFjSZv0c1c7dFZdtURwtvhO2NgBC+JJUSVcDxPH6VpsvsP09atRxb0xcLqqVHkiSltS0bAUDnHBOcetc2j9XL06+u03FpbkQOLKVIGVMna48Oqe1nhxq0rbdIV0ZL1vlMyEDnsKyUnuI5j1qtFuVu9UdYSkLUoAbRxk9TXqs8+ua5nEyhvA0432j2StPweg51vGQlIUcqA4nvrpQu+j5z9oPsMkOz7tfGdQNBuQ+t5TbrCgUla8gAgnPE45Cne7vCUmHbo0ZxpK47MIOKAxsJyV8ifujh51ab27LLgf2CyR2wv4ceNVqiTbLlq+S9aUsFiKzuwtlICVKUo5II4Hl0oZIZxyUrUvoh/aHIksWgR4DW06tiRg44NoDeFE+hI8yKmtPlS9MWva+IxGwfPYxUZepAlz5kRGNr7NkJSP3lEj/1mu7R7hf0haHT96Kk/SuBDhoPaVobTxVkn3BkE/wCistDAp0VYQP7iz+QUVoR0ZUtsz0ZcHG9Nld1fYSzEccjIkKVsbxtpRQFrB4JUdk54468M4BPvki6srj6diqcDgKffZCdhhAI+JIIy54ADB762HTtmVLMpVtimQV7zaLYPa/axyz41LDB4dMUCgw/NfRUsXTpj2SGm0RQi2MS/epc93Ybdl7O0AUJSMBIJ7OccAMd9GqQ/YtW2RySW1tSQtrfpONpOMZI6YKkeFSNlul2bhy2IUiCuzsvuNRfeWFKUppKscVBQGMhQHDkBUoEW/2haTWgqaRMjqLRLY4sODGQOuyRj0PeKVl2xyLce3ornVLRa1kUBKjvW9pIAzkkJHDxymp2y6EmuxDOelOwJyyVNNowFpG0SNpXQnPIcq12p2XF1pYvtZhbEtAdhOFfJzAOw4k9Qf1qwLY869d7mhWFNR1JbQrOckjaI9Mj50C6KObyJx/GIqWfUc+025TF1uqPemlkES0EnA5dsDB7+fWuN7VOpLtLbZ09MDjavicbjoWlJHTJHl1qa1JYZD94adgqfTvuDpbkKa2B34HBXEnn3imKPHRabY4WklWwkrUTzVgcTRf0pny18dJdlX6lYv7CmmtSSHJCXMlCg5tNKI442cAAjux68690y8i0Wq9XNz4Q4kIT3kIGE/NVWZqGFGudmkMyl7DRTtpd5lsjiFDy/wA86piema+0xai0tooJG72TtqdVxJx34VhI/wAgRvicj5otPaO6wvrd1Rby6QrepUyo45kNHP8ANt036aipg6bt8VByhmOEA+GOFaIWjkWpMGTOubUWUkFSGFNFQyUkYyDxPHpXbbSpqKYrmQY6Q2NpBQogJGCUniM8alMYclLQ0aGOdF2H/kWfyCivNDEDRVgz/cWfyCitCOjKltk5UHra4OW7TklcVWJj+zGjH/eOHZSfTOfIGp1IyaTNYue9altMIHLcNtc1wfvKy239C4fShySqIWGPlOhdvzjNk08mKz2G0t7tI7kJHE/IfWtPs0lmyWK1S3E8LghyRJHUBRLgV4lIIGO4nwpd9rEpZhSWWj2g0Gx5q5/Sm+XHEaFAjowEtsqZSP8Aon/5pGzUcbjTNntE1Lan4MU2x1mXKKgUuIPBkftE8wQcHHPh051I6XkC22aHHcWuVcpJ3z2cZ218eJ8BgelVVMAceiMnk44B8+z/AOQq2NJxEqkPPqx/RdlI7s9aOK6bZzLx8fwvJk1EasniDWLyUrbUlXwqGD5VkOvjXDfJBiWeY+k4Uls48+VB9nnP6KFi1U/Pit2q2shy5MKLC1v/AAgJUUpUB97ITnmMfSmuz6cYgy13O4PKnXNYG0+4AAgAckJHADHXn41UunJDttu0qbDCTJj7ToCuS07RC0n0WPlUne9WXa8trZedRHiqOCywCNodxVzP0ovVs2seBJLwWyWc9oTlvuspwtiXaN5stJz2wM4yFHmCeh6Ecal5j7s2SuZIbS0d2UNtpOcJ59o9Tn0FVDKUfsTGO0hSU+oWB+lW4yd7HbI5KSD9KEZcFEkvZnJ970NaQ4MOR2vdlgd7Z2fqAD60VXsLWQ0iymGoEh9DcgDu/o0oI/7m1UU0svQnLFbLppEkHeauvy1fEgssp8EhvaA+ajRRXc/qBxfZlfarbTJvL7b3FAU6cf8ACysj8Ke7uBu2jjiHkAepCT9FGiilEaEiv2mkm8QMjOHsD0BP4gVYenHVt3VKEnsuZChRRV+L1Y/JJ8PJf6HOoXWJxp2V/D+YUUVRH3PF/srSyMo+3wno626FDzSP8BUbyOO6iiiyezPSYfSP+EbIANvkZ/tj+cVatlWV2qIVcy2PwoooA8on323R5Nxc3qSd2VJT4AqKvxUaKKKsAo//2Q==\" alt=\"\"></td></tr></tbody></table>', '2018-11-06 14:47:16', '0', '0', '0', '4', '1');
INSERT INTO `dnf_theme_post` VALUES ('34', '2', '2', '求救 我好惨啊', '<table cellspacing=\"0\" cellpadding=\"0\" style=\"overflow-wrap: break-word; empty-cells: show; border-collapse: collapse; table-layout: fixed; width: 650px; color: rgb(68, 68, 68); font-family: Arial, &quot;Microsoft YaHei&quot;, &quot;Microsoft YaHei&quot;, &quot;Microsoft YaHei&quot;, sans-serif; font-size: 12px; background-color: rgb(255, 255, 255);\"><tbody style=\"overflow-wrap: break-word;\"><tr style=\"overflow-wrap: break-word;\"><td class=\"t_f\" id=\"postmessage_17470986\" style=\"overflow-wrap: break-word; font-size: 14px;\"><font size=\"5\" style=\"overflow-wrap: break-word;\">去弄SS制作器 第一次不熟悉 一下把存了9年的无色全变成下级催化剂了怎么办???</font><font size=\"5\" style=\"overflow-wrap: break-word;\"><br style=\"overflow-wrap: break-word;\"></font><br style=\"overflow-wrap: break-word;\"><font size=\"5\" style=\"overflow-wrap: break-word;\">在线等 现在一个无色都没了</font><img src=\"data:image/gif;base64,/9j/4AAQSkZJRgABAQAAAQABAAD/2wBDAAYEBQYFBAYGBQYHBwYIChAKCgkJChQODwwQFxQYGBcUFhYaHSUfGhsjHBYWICwgIyYnKSopGR8tMC0oMCUoKSj/2wBDAQcHBwoIChMKChMoGhYaKCgoKCgoKCgoKCgoKCgoKCgoKCgoKCgoKCgoKCgoKCgoKCgoKCgoKCgoKCgoKCgoKCj/wAARCABkAGQDASIAAhEBAxEB/8QAHAAAAQQDAQAAAAAAAAAAAAAABgAEBQcCAwgB/8QAOhAAAQIEBAQEBAQFBAMAAAAAAQIDAAQFEQYSITETQVFhByJxgTKRobEUQlLRCCMkM/AWQ8HhcoKy/8QAGgEAAgMBAQAAAAAAAAAAAAAAAgMAAQQFBv/EACIRAAICAgICAwEBAAAAAAAAAAABAhEDMRIhE0EEMlEicf/aAAwDAQACEQMRAD8Au68K8ZJIjIWJtHjqPQ2aX2nnGv6VaUPDVJWLpPYjpFeYpxpWJOZck6a7IKfbBLrjLSloatvdayEi3pbvEvjurrEvMybEyqSk5ZIXPTg3F/haR1UrT294pfFE6lxbSQC3J/7bHJPQq2zK9foNB0/jYFVyRmcuUuh3UsY4inVlArMw4CrzKaPDR7WAv9ohXH3HVlyYfcmHDuoqvf31JjQ1lfOYm6BplBskfvG9kpWPKbpTppteNqSjoJRHFNlUzc/LsvPNsJecSguOHyNgm1z2F4udHhi2wyhFLxJOsKNs+oKTvskEcz1ikllKL5j6m/0jazUJmWZLqJl5pCR5QlwgCI+ySjfs6BotBqtKdRK1KvmoyLi02bWzZQI8w8xUTa4H/FoIpinXF2VkHoY5zksY1yRyKROreSCCUP8AnHz3+sGFH8bUNucGtU9QI04rCgofI2t9YW4/qK4uP1ZadJlkrRNcYXcS8UkX20FvpaMKk2uTR+IlVhJSPMFahSeY9tx39TEFTMYSNUfRN0xXleSMwULBdvrcf5yhzXKqXJNxJASVDKANyYW60FwlJW9EkmfIFnWFLV+psgA+xMKIFiqpLQzp83OFE8GMyeSYU2EZG6GlrSm5SkkDrGWWBfH2JX6JTXmqWgGf4ecuKAKWUXAzm+m5AHU+htzsWPlKjXOVLorHxhxA3L8OiSquMJdZdfKRfjzKviJA/Tci3fsIraTQ4tri1BZXf4Wlf97RjVWnZquhU4FqOUOZTqfMAoX7kEfMw9ErmvcJZb523P7R2VFRVAwRkwsPu5LAtp5J0Sn9/tDibclpJpKEuFbp1y8yYj1zjbX8iQRmUNSoAkJ76bxhK09914FwLcfWqwSBdXYWHPsNolWXffRvlw5MLHEUkC97de8ezN5mdak2CFgEFdtvT2h61SpoMTM28C1ISo/mLB1WrYIB6k6fPpDGTQZJGfLd9Wpt+UX/AHIiFoezCFoSsFBAv9hA2+4h5YcT8CtD+/3+UP65UnQwWgvzKSb6cuf2EQrCry6TrtYgdoJL9KlIsjwzn6awtVJnmnzUJ15IYeLg4RFvKMv6irS42v2ixDMNpVZazxNrLJK/rrFCyThUtgpdLTrKwtp0C+Ug3B+0X81+LDbKZ8NF5xsPNLa+F5s7KHTexHL3ELmhElUv9NXFd/2mnMvUnLf2MKN8KFWUWSNxAZ4pMSwpTjq0uCXcmmTMEn4mUIUopHa4PuYNbQIeLziUYDm0rA87jYCj+UhWa/yBjJ8ZtSobkjfZzRNzDszU33HlqQ88pTzigbEC5JPz5RK4bw8uvVFbK5koYblPxC1POkBNyNT1trpcesZSNPcFRYbqDRbVMLaPDWNeGqywD6pP1ibwFIO1TEc5TWLZHmWkuIB+NpLqC4n3Rmjp7LTSVs2zkrLUumSQalFyVIeVb8Y+lQcmiNbiySEjYjMR15CLIwdgynVelSs5KZWZRYUFWsXVG9lJUvpcHQaHuIBPEbDtccxpUWwHzLuTa1NNAKIUjTJwkgWUSgJTpsRrF84JpCqDhOlUxzLxZeXQhzLtnsM31vF5MaQiOeT0Vj4myC33ZGgUOSUZWWOYobT/AHHbWHsAd9te0BVbw7M0p9qkNKbmJ11SS9w0G+cjyovfYA325/LprgNB0uBtIcIsVW1iJp9OpCJ9cwwGVzRUoXKgVXvrCqfoZHIkqORce0Z+h1yckZkAustoUopJI1Sk9O8DlNfDb2VZs2vmN0nkY6H8Y8FTM/iKcqzDQMqqQK3HFHQKQkix+SfrHOT7JRMBtGv5R6w6L6ou77J4ttacRXAXbe10L9LbR0l4dOStdwpKS4UXkyYSWyttQLfVGcgBXMC2oFugMcxUguOt5XHnAOJwyiw6E7+0dXeGEsynCMhNMLmCXGsqm1vKWhJBIOUE6XtCM8uMbKlUqHr+GUqcJambI5Babke4hQQZSYUYvLMrhE8CesDGPpBFVYotOfSVS0xUW0ugc0hK1Ee9oKbxrmGETCW8wGZtaXEE8iP8I94HG+MrDlo5i8YJ1/8A1vWHWTw1MTDSWraWKBYfYRM+EKuFiSUqyEkt+Vt8gfAlafKfS4Nz27xs8fqGqSxIieStJaqASvKN0qSoJN/UKH1iE8IsWMYbxU2zUFJEhMgybxOyPMMij2Bvfse0dRdxTQK+p1KhIS6XAhOdQsVAakesZzT6ZdguKtuEi/UmwHzIjJJGXTpAFNeJ2GBMzEjUHH2HGnC24lbCiApJ6gHmIFJvQuMHJ1FB+T5b3gdqGEsPT7ZS7SpRDhuQ800G3UnqFpsQbxtouJ6JWsrdLqDD6yNG0q84A6pOo94lyNIna2Tj+lY+Is3O4d8Pp2nT84mbW+vgyryyeIprdRc6kajTQ6dYouRoTAwYmuTYtMzNRDMognzFKElS1emw9bRYfjRWOHNzMvMp49SdbCWW0apl2yqwHdajf0EC4w9X6kiR/ES6JKnSTHDlpdS7qF7Zlkc1KIufYbCCT9sNLikgGpQC8UMS7mjExMhKiTYWuRv7mOmcK1lVGw2zJNy5VMJJupw+QHa/U3tm5fFAXhbCkpS0szL8u2Z/IBe+YNnUnLfncnXvBpIsBZ87K1d72EBNqfSFyduzVM1GemXS45NvAnkhZQB6AGFEymXYSLcJPyhQPjYPJBe6AFnLtePEjWM7QgIw7Y9aopr+ItvM1Rg2kqeVxFWH6UlB/eOfJhtTk7OkJUcqyTYbC51+kdb40oAqM69U5gFTMlIONtt2uCpd8x9kg/PtFK+HGGl1fCGNaqWs60thtoWvf86x8ssdLE/5QvnSZKeE/i65ThL0XEXEmJXMG2ZoHMtoHZKh+Yd9x3i1K5g+Trc05UZJxhYmQFKCxdKjtcEbaRS/gr4fmuzU/VZtkO05qVdVLqI8qnQcqSPSyj6gRdtLlKkZOWcpsy62uZbS6tlISbEi50UDb6d4udwaa9jcWSpNxdNGWF8J03Crj9QecYTMLTkLhAQltPQH2G/SGGNsbrkqNOO0pASEJyiZeBCSo6JCU7queeg9YImcLBS0vVh5x+Y3AUsqye/L/wBbRW/iopNTrVOw7INITKNuhbuToPjPzIF+oiOL3IF5Yyld2wVwDh1+fqgrlZdVMOA8VPE3W4fznpYbDoRB0pC5ufOQfy29B3PX2/zaHDbQlZQIQBnUbAd/+hErISiZdsaebmYDexUpd2YStPQ2AXNVdIfgACwFhHhNt49EGkkBs9tCjK4hRZQT+0N56cl5JaW1K4j6k5uGjUgdT0j2qTQkZJTosXSQhtJ5qO3sNz2BgVBDTb38wrfIzuOL+Jajpc/L/iM2PGn2xk5vSJdyr/jZFxtUmngvtlP97Wyhb9PeKkwjXFeHmHanK1JxqVacmM6UODOvVCQcqefvcaRZjduGmwsALWikv4jZBKHaPUEnVQcYWLchZQP1VGqEE3QqcqTZBynitNUTBBw1h+Tbl2XErS9NuKKnF5iScg2RoSOe5O5i7P4c8cHEkjUqbUUtpqks5xiUJypWg2F7dbjXlqLRyTMS7jIZW8MpcSFpTzy8j76wX+FVZqFIxvIrpk3+Gemby6laEEHYEG43A/zWNbSSszW2dj44qgpckjgEKnXyW2U726qI6D9hzis5SmJTVFT7oKn+GG0k9Lkn3JMSrUrMPu/iJ19czNEWU65v7DkOw0h63LJRZSvMYxzlzZphHiqGbLOebQVfCkFVu+wP3iRJtGgH+sctsEJ+5jXNu5bIB8xEDoLYi4XX0pHwgw9TpEfI2DmvIR7OTV1BpkFS1EJATuo9BEUiUbnZtCF2GsKJGSwo04wF1F10TCtSlpdkpHTue8KK5EpjjFFzNSYJNkJWoDlc2F/W1x7mBB15f45aL2CltJNuhzk//IhQopaKRPMqKk3MD+MJCXqj1Gp86jiSszN8N1P6k5FKt80iFChhGCGP8IURusNSTci2hBJdU4P7irBJy5twnzbC2wAsIK8K4OoNFSiakKcymaWkHiqGZQ05X29oUKCbYuKQTxg7tChQI0aNn+sc/wDBP3VDJxRU+one9oUKAZaMVkhNxE/giWaccmppaczzag2gn8oIBJHfvChQDLYVKJB0hQoULsNH/9k=\" alt=\"\"></td></tr></tbody></table>', '2018-11-06 15:06:27', '0', '0', '0', '2', '1');
INSERT INTO `dnf_theme_post` VALUES ('35', '2', '5', '论坛昵称能改么？怎么改啊', '<span style=\"color: rgb(68, 68, 68); font-family: Arial, &quot;Microsoft YaHei&quot;, &quot;Microsoft YaHei&quot;, &quot;Microsoft YaHei&quot;, sans-serif; font-size: 14px; background-color: rgb(255, 255, 255);\">如题，当年还是太年轻啊</span><img src=\"data:image/jpeg;base64,/9j/4AAQSkZJRgABAQEAYABgAAD/4S7lRXhpZgAATU0AKgAAAAgABQEaAAUAAAABAAAASgEbAAUAAAABAAAAUgEoAAMAAAABAAIAAAITAAMAAAABAAEAAIdpAAQAAAABAAAAWgAAALQAAABgAAAAAQAAAGAAAAABAAeQAAAHAAAABDAyMjGRAQAHAAAABAECAwCgAAAHAAAABDAxMDCgAQADAAAAAQABAACgAgAEAAAAAQAAADugAwAEAAAAAQAAADqkBgADAAAAAQAAAAAAAAAAAAYBAwADAAAAAQAGAAABGgAFAAAAAQAAAQIBGwAFAAAAAQAAAQoBKAADAAAAAQACAAACAQAEAAAAAQAAARICAgAEAAAAAQAALckAAAAAAAAASAAAAAEAAABIAAAAAf/Y/8AAEQgAnQCgAwEiAAIRAQMRAf/EAB8AAAEFAQEBAQEBAAAAAAAAAAABAgMEBQYHCAkKC//EALUQAAIBAwMCBAMFBQQEAAABfQECAwAEEQUSITFBBhNRYQcicRQygZGhCCNCscEVUtHwJDNicoIJChYXGBkaJSYnKCkqNDU2Nzg5OkNERUZHSElKU1RVVldYWVpjZGVmZ2hpanN0dXZ3eHl6g4SFhoeIiYqSk5SVlpeYmZqio6Slpqeoqaqys7S1tre4ubrCw8TFxsfIycrS09TV1tfY2drh4uPk5ebn6Onq8fLz9PX29/j5+v/EAB8BAAMBAQEBAQEBAQEAAAAAAAABAgMEBQYHCAkKC//EALURAAIBAgQEAwQHBQQEAAECdwABAgMRBAUhMQYSQVEHYXETIjKBCBRCkaGxwQkjM1LwFWJy0QoWJDThJfEXGBkaJicoKSo1Njc4OTpDREVGR0hJSlNUVVZXWFlaY2RlZmdoaWpzdHV2d3h5eoKDhIWGh4iJipKTlJWWl5iZmqKjpKWmp6ipqrKztLW2t7i5usLDxMXGx8jJytLT1NXW19jZ2uLj5OXm5+jp6vLz9PX29/j5+v/bAEMAAQEBAQEBAgEBAgMCAgIDBAMDAwMEBQQEBAQEBQYFBQUFBQUGBgYGBgYGBgcHBwcHBwgICAgICQkJCQkJCQkJCf/bAEMBAQEBAgICBAICBAkGBQYJCQkJCQkJCQkJCQkJCQkJCQkJCQkJCQkJCQkJCQkJCQkJCQkJCQkJCQkJCQkJCQkJCf/dAAQACv/aAAwDAQACEQMRAD8A/vegUl+Kv7kjXDdaiikiByhyad5LSfNWUMVCvoh4vEyf8PUjdTIuRWeYorpTaT5BJ7e1WtRtY7q0a2kJAODxwetZ0rmBAsfUDjNRHJYTd7m2FwnOrz3LyRSQzKz42qMU2W5imf5f4eD9a5C58T+FUJee/hV14KmRB/M1/Nd/wXH/AOCxf7Sf/BPb4n+C/CH7Ndpomp2Wu6bLdXbahA9wyyJJtUKY5FABHrXXOlRwkfaTZ7nDfCWZ5jj44TBw5r3/AAVz+oUm3Ck5NVWktd3JNf53Cf8AB0x/wUob72geFP8AwBn/APj9NP8AwdPf8FDoXAvNE8KjPpYz/wDx+uCWfYVLSZ9/T+jxnmIqcroO/wDXkf6LVucIfTt/9elE6Qhy/TvX+fBZ/wDBzf8At+XGni+Ok+F8uobH2Obv7edU1l/wcyf8FBbwOy6N4YOOmLOb/wCPVwSzrCXXvn6hgPobcY1KSnTpR5fX/gH+gK1/psjSglv9riqiJb3kiC1JIQ96/h//AGTv+Dhv9tz4x/tP+CPhH4/0nw7b6J4g1q1sL2WC0lSRIZpArlWaUgEA8Eiv7T4PE/hGe2W8s9QhxjcQZU/lmvVy/MaFWm+SVz8L8UvC3ibhDE06eJoWjJN9X1sda9gsF07tnLmtqyimg3I2NmOPWoNO1C2m0tL+JhJG65Vl5B/KpbFYJGOoITmXqO3HtXTKHMtz4aWZzqw5JKzZbSPBL+tTDDEkUOflyvQ1FgImRXPXxip/EcVCk0+RbdS5GAFwKfUMH+qFTVpGXMuY6HG2iCiiimB//9D+9WxifzMk1buZwJBCOuKpW8z3kBS6xGc9Vp13eebAWsQHIODniscvwkqb1REYRwStVJJvLFuxuCQnfHWvyg/bn/4K4/spfsMePLP4N/H68vLbVtY0439sLWDzFMJZo1JbcMHcp4ru/wDgqh+2X4q/Ys/Yx8S/tI/Ci3sdV1vRZLOKK1vixgbz51ifcEZW4DEjB61/nM/t2ft6fFP/AIKYfEfT/ih8VtKsNMm0yzGnZ01ZAAqyNL/y1ZznLY4OMVx8QZ9HB0ebqfvvgz4QY3inGx9gvdvqzzPxX4++J/xt+PHiLxFoms3q2moapeTWQW5lQeQ8jSJldxAO019bfCjwz4+g0W6b4gyC9MbKIWmdpmCY9XyR+Fc18MPgN4K8NNY+JdCvrqaQRAssm0LudeR096sfF74heKPBV9a6ckMYilQlTkkkA4BO01/K3FniHjK7lSpn+/3gd9HjK+HcHDHVYJ1Yrr5qx7h/Z2gR2Et1dW6AR4zhF/wr51+Knwl8Qa1sk0C3gK3CFk3ADhjkdq+hfDmoT+ItCsrTyxvvIUcgA9doPetiWG9UZnjbbbfL07Cvj8JxRjZK2p+jZ3wwq0m5QhGPyR+c4/Zr+JOCfLiy3Ub+Pw4r6T+Dvw11/wAIgjX4YjnZ0w3QHPWv1Y8F/s0eFfE/hiw166u7pHvIUlYKVwCwzgZFdrH+yJ4GOC9/eAfVP/ia68XnWOir3PLwGZcN5erttzXlofmz4msr6fRL2LQ4Y4rp4mELqNrK2OCGHIPuK+S4vh78eXlm1NtXvA9v84UXkoUkdiN3Sv3h/wCGQvh8wONRvSfqv/xNe4fA/wD4J7+A/iZNqVn4ivb62htVTyGiMeZN2c7sqfSvZ4Tz7GybbfU+Y458R+EZ4SWLzil8CslbdPT82fY3/BNT/gsP+y54A+D3wx/ZT+IGo37+NZBbaPKvlGSM3U0uxR5hbJGWHNf09v5SDKE5NfwE/FL9gj4Zfs0fFW++O2halqM+o+ELkavZwzlGieazxMiuEQNtJUA4IOK/bL/gjV/wVx+MX7enxM8V/Dr4naVpem2ugWMVxDLaLMsjNJJtIYyuRwOmBX9J8M8Sc6UKh/jD9Iv6O9HDynxVw972Gk3KV91zPRI/pDiudpCv34qa6uoLUCSUnax2j61jYtVRJI5N6ynaD1qS9QW8Ajk5RjgE9cmvvZ0adZJI/hzOKnsqXtYbnR27K0QKdKmrN0iLybBI8k4z1+taVYSgovlRzYWrKpTjOW7QUUUVJuf/0f70LPTpra4Ei/MuD1NZHiuU2+nX0OfLUWsrhl4OQhxWyl8Lm3LWvznP0r+Wf/gtP/wW5/aD/YH/AGjrT4G/Cnw/omq6LqOiQXctzqCzmdZbh5Y2UGORRgBRjjrW1SryTcJaWV36H02R8L4vO8whgYR992Wrsvmz+JT4mfHX44fEH4h67p/ijxNqd/pY1C5iaznu5ZIG2SttzG7FTjjHHFe6fArxj8OPCnhi507xakSPNceYCYt5xtHcA96x/iZ+z/oemaDffFGxuLg3NzL9oaPK+WGnfc2BjOBu4r54OqRSSLZRkE49PSvxDMOL8DmKlCg22tNUf72eEXhO/DjBU/7VppTkk1y+95dD7W+LHxj+HOp+DZ9N8OahJFcHZsEaMnAYZ5x6V6J+yF8JfGPxl8K6vqGg241dbadEL3LrlMrnA3np9K+MfAHhez+JvjSz0PkKyMp8vAOUUnvxX7yf8E/Phna/DDwvrsVhJKxkukYrIRjIXHYCvgv7PwFXE+yk9fQ/dOMeJuIcJls+IcuhGUIWVm9ddNr+Z+pf7Nn7LWqaPFoFz4k0O1VEt492RE3/ACz/AB71+hdn8GfhbDp88d3o9nvPX/R4z9f4aytc8bt4H+Blt4q0ZI5b22srcqjg7csFBzjB7+tUPgd8S/EHxDtZr3WbaKMhxwmccjPc19xSp5TgmqVdu78rn+cHF/Gue5255lWbjGLs7NrW9+/mfMviT9n74hya/dy+HNLiWwaVjBtdFHl5+XC5GOO2KwG/Z5+Lkh2/2an/AH9T/Gv0lOrWa3pti4BBwR6VtRmCQZRs5r6jHcJ5aqKrdGePS8Ys4yuknbmXmm/yZ+cngr4AfEjSfF+m6nrunoLOCdHmJdGGwHnjJz9K/Q7T9PTQg80FnDBFdf8AHuyKAXx/ex0qxM8MIJJz9ar28sV4xeSQ4h5UdhXNhMhy/D4aVaWx8pxbxzmOfShisbHljFWtFPW/lfe5wnxF8EeGfEPhy7tL+zhm1C/hkjSN41ZXkdSApJHQnrmvxT/aH/Z3+Nfwvs7W+8E6VF4beeUrPNpkqW7ugGcMYyCQPev0e+Iv7SPjjwX4zuNBtNPtJrXzvKEsgYsqn+IYbqK8D+J/xi1L4hxy6NdiMmxBkj27ssxHQ5zXw+cZxRwsXUg9D9R8KcPm9DEwwlSmp4erq1L+tPnc+yv2Cf29fgj8N/hB4T+AnxX8R3Mni5nNmyzRzTu008zGMGXBHIYc54r9wNJv7W802O5gbzI3+6WH+NfwaeBXWT9tzwqb5vLeXxBpwlQdEHmR8iv7rvDdvbW+nJFp7mWJYgVJ7nH4V9hwfxY8VRc6eyP5n+mz4LZbwhmNH6hKTeKXO1o4xb1srJWWvc9HsyDbgr0q1XM6TcagtoqTIA2T/Ougjd2HzDBr9VhPmgqj6q5/EccLKnBRluiais6W7mQ4CinRXUsnBAqkcf12HNy9T//S/nsn/bg/bovNRWbS/iz4tEIXBC6tdAZ+nmV4Z8WPit8Qviv49tvE3xl8S6jrV7FAkQkv55LlvLViQNzljgEniulu18xvssVukB6/JxXm/iSWBvEscggSQCIDkDrzXjYatUxNeUl2P9jeIPBrLshdPFUElUUkfrNoXjvwj4/ntND0547qJoVVoSp2lkXPIYY4qbWp/gz4N1BbPWbOyimkQsN0AJ5yOynvX56fDPxfqXgXXoNdgHmvFuxEzEKQwx2rvvG/j5viBfRatcRrC0SiPC5PfPf61/P2UZBUo1KqjHW7Z/ofTzvD5zgKTxlrxSR7v+z98HPGeqfGKHWNAtX+xyPOyFCqjDKSMDPpX7ffAPwP4g8A6VqEHiBpImuphIoYg8Y9jXyh+ylfQyeO9B0Cyto8zWpcsMA5EVfqzdyrDB5Yt0YoADkDrX5NmOcVqGZrl8z57Ps3nh4/2bBe5LWx4H8bv2kZL34f3vg7T9XmR4kWHajyDBRhx6dq539lPx747uNLvmg1u9KrKMfvn9B71+PniH4yarrfxy1zwrIgEaancxY3Hojt26dq/VL9kNGXw7qMrnafNU/oK2zvG4ytVhIuPD2Ap8P1F7GN3K+3ex93Dx94rimzLqlyWzyTKxOfzrR/4WL41kH+j6tdfhK4/rXMP5Yt428tWJXOTWdqGoSafZtOkK8DNfoGacTYyOBjB9kfj+I4fweKkqToxdvJHU3/AMUPGWk2cmp6lq10sMCl3YyuQFHXoTXK+E/2hNZ8VXd2ND1m4lWPB4kkHB6da/P/APaW/aKv/DfhrVdK8tUV4Jk3bmBGF68V5V/wTj+JN949uvFhB+0fY47cjJJ+8X9fpXh4fiTF1a1Olrytan0NfgbLqNJKvSjzdFZH6u614kZYbjxBr9yz+WplZpCW+6Mn1rzXwr8SNG+IepS2nhVlnkQAzlQVKoeM8gZr5D+PH7RWseGtO8QaQbSPFvBMoyx/uH0rxb/gm78XtQ+JXijxHZvEsQSyQs6McqC2MjPpXlZhPE1MSoNe6fQYzJcvyrASrYlWrO3s0rWt8v8AM/R/x54b8PeH7W78U26pHqkCNLFcqgEqSIuVZXHIIIGDnivrb/gi38f/AIu/EP8Aah8S+EfGmvX+radbaIZYkurmSVA/nRjIVyQDgkZr5q+IL21v8MNRsYQLoRWk+64f74G08/hX5k/Cb/god43/AOCb+uT/ABi8EaBa+IF1eM6Zuu5GjGCwkJBTnIKY5FfoXBmKWHxcIT+B7n5D4xcGQ4i8P8dKrSU8RFLkbtdenY/0Y7e6ELi36nrW4SxHy8GvzV/4Jd/tg6j+3J+x74b/AGj/ABXYw6VqGsy3cb2sDM6KLedohhm55C5r9KTIpQOtf01HEU5RiobH/P7VyfGZfiKtDGXXK2tfJiSRowy1EcYjORzQ3zpx1qpHMVOHrpVPQqnhoT/eR3P/0/5zfhn8G/jB+0r8Qo/hl8D9Fudc16WBp1tbTBkMcfLHkjgd65D4+fs7/G/9n34hw+Dv2htBuvB2qvbJcJa3WN7wsxCv8p6MQR+FfrZ/wTY1S4/4J7ftN237QukufG0dvY3Fn5Mh+zjM4A+/85+XHpXTf8FSfiFff8FFvjtZ/GHxPpg8G/Z9Mg08IrfaQRE7uG3EJ97fjGK+UyjPsPCDm3qz/TvibxTx2dcQQjFL2Ft/M/HuSbT7p0u73bZSIgUR4+8APvfjXmtzqkdpK0cdySS+QASO9fZvif8AZ2Xwtpv9szXzX8kQULE0YG4E465PTrXyB8VrW28N+LLLTWs0jM0Ik6AfxHtXzGTZthquZyoX3TP6IzzxEn7OlDBvS6R+/v7JEqL478OXMR+f7GfmHXmL1r9JPEHxF8N+ENTjTXrpI5pctHC5/wBYOhPevzb/AGTo45/F3hxoPl/0Pt/1yr2L9rKN38UaTpQYxzTwOUmH3kwe31r8BzbD0vr0qnaR/Wub4V4mVL2avJ07tel2z8e/2gvhN8YPAfi3xV8c7jSbm20VtQnu0uQdsYjnlOwgg5wdwxV39nP9qHw5oGjX0Ou+M3sXuJAwRpn446de1en337WOpfto65N/wT3urH+wBq0jab/bSSmaRfsRMnmeSQoJfysY3cZr4a/bN/YQi/Yz8S6H4ZsfEMniU6vAZnleAQmMgkYwGbPSv2CXDOHlhoVUtT+FIfSmxy4hlw/Qina+j+f+R6ZL+0F8UPHXxPu/CHw98banfzajdvHZxQ3UoyM5AQbgOlff/wABfB37Yrw6haeM4taZUMYhM87tvGDkjLV+Dnwc8V6x8B/i3pXxdOmm/TRLj7R5DNsVwMjBbBx19K/qH/YX/bdvv2xND8S3CaAugNoZgQGOcyl/ODHPKrjG39a8LjDLqccKpW0Vj6zgnxix9LNHDEwV7vQ/NP4rfs+/tdeLfGurR/2LqtxZGQ7SXLKVI54LV6l+yt8Df2lPAd7q1nb6HqGnLKIld422bwC3XaecZr92oBcm2gMjEO33m7v9a/Pv9vb9ujWP2K4vDc9l4aXUV12SdGczmHIhCnnCtn71eTlmDw84Qp0/jex9ZxD43VFGdfERtGLtex+JX7QvxQ8RaZ8XvEPgzxZqU9rLYztHMkkrHdwMhh06V0/7Kvxc8N+Edc1G6s/EP9mGaFVAidk8zB+6duK+Rdd1P/hsX9pw65qsv/CODxpqkMa7f32wzssfBO3djr2r7o/aL/4J0aL+xfpFjr9p4wfxHNqkrQeQ9uIfKKDcGBDtnP0r9Dnw9TngHJL3j8yyH6QOIr8TYXAV4qXPflT7H7laB4ubxB+xxq/iSG4a6M+jXxWfcSSVVxnJ54xX4mfs26Drfxa8VX/hrVI31uG3geZLaf8AeorbwNwVsgHnGa/Vf4EvdQ/8E6Y/3RkLaPqAYH0zLX5qfsR/E3/hXvxW1a9k01H32TIMtt5Min0r80r4R0Ker1P7TyTH06brSqRvd/C9j27w98Q/2rvgJ8YvDXhjw7rWueFPB2l6raTTWdpdywWaQmRXmzFGwXawyW45r/QJ/Z0/by/ZW/ad1hPh18H/ABtY63r9vbG6mtLZmaRYoyqsxyBwCw/Ov4vPFnwYvPj/AOHbv4l3Wry6ULuJ/wDRQvmKnlKUzuyOuM9K+hP+DfD4TwfCj9ufV9YbVDfbvDl1Fll253Swnrk+lfY8J8VTk44eTu9D+HvpteCWWZplS4gyqPLOlFuaSsrvV+up/cVLPeRKJ7aMyknBUHoPWrc6NM/7v0rOtdU3xBYBvOfWtOVmhj3D73pX9AYKo5RUup/jnClLA03Oof/U/oC/4KXf8E8/BGtfszXOmfsr/DuxtfEZvbdkGk2scc3lgnfgjHGOvNfmN+zL8Lvgj8AvAUngX9uvS9P07xZLdtcQ22twq85tWCiNgcN8u4Nj8a/sGi+0NqAZomRNpyT0zX4p/wDBQn/gltqP7Xnxei+Ntp4rj0xLDTY7Q2ptTMW8lnfdvDrjO70r8zzng6nRpv2M238j9x8MfEepQX1bF2UW/i1v6dT5G+Mnwh/ZN8b+DJtA8CeHdGk1m4EbW8MFunmMgIJK8dNtfzF/8FF/2K/is3xi0eP4e+A3eH+zQWNvGqgMJGz+lfpR4Y/bgg+DHxATV5PDT+IZNJMltsWYKz7cx8ZVsY64qX41f8FEbD4ianFryeHn02ZLfyxEbgFgCSeu0euK/H8Hg6uCxrxkG3Laz2P7e4CzPCupGjTnzRet337HxP8Ase+MPD178XNE8EQ3CJqdvBJDJbj7yvFEQ4I9iK+j/wBrkSWvinSzCn2mVYXGe6/N0HWvzB/YnntJv2vo/GF1dLaTPc3zrEx+Yh0Y5B/Gv0+/a/kWXWdHuFkFt5lsW39N2W6/jXiZ1ksI0pYmcmtV+Z/oNwNxFmVfHU8RClF2hKKWtn7r8/M/OP8A4JmfsY/H65/4KreD/iDr3hC6k8Nz6jf3ElxIqmIpLDMUJ56HIxX3n/wcK/B+50L4teCrbTtIWy32EnKIB/y0bniv1g/YRvpPCPxR8C3fmG8EtsH4OOsBHvXuX/BUD9jS9/bX8d+GdSsdQGlCytWhZzAZ8bmLZJBXHWv0nIeIaeKwypylZrRH+Y+O4Gw+V+KSzXHycabu3tZb7bs/zwvE3w28cWMNxqE8c8tnHlnBHy7e2eelfud/wRD+H3ijxzo3jmDwxprwxW8lkJ3hAwcrJgt09KwdM/Y5n+Kv7UFx+x4NeTTJX1STSPt7Qlg5QkeZ5W4H+Hpur+rP/gl3/wAEXdU/YCsvEyav48i8QJ4oe2lRBZm32CAOMcyPuzvrj4nyf63QdO7t5M/X/GvjThfhStDGYGtzymlK0lff0X6nzDP8Bvi5JDHZppFyEj4imAH7z3HNfiD/AMFoPgx44l0z4ead4l0iQNFNeKpkUEk4jzX937fAm4F35J1IBVOIl2cfQc1+bn/BQH/gldqf7Xa6DNa+Lk0p/DzzyuhtTMW80LgcOuMba+byPhRyxEKqm1KOiWmvqfmXBHjnkWJzGnTzeUVRnrLSTt26PyP8+j9mj4fapp37U/gBdQ0bbp+neIdPed2A2rEs6FiR6AV/Rt/wXN1P4R6n8OfBf/CBJZpczalKGaBcM2Y8AfnXxfbfsxa58Mf23z8Eop21N7HXLaza6SIqPmkT59mTjr0zX6jf8FH/ANiPSh4P8MadrXiG3juo719kckPzByvGAW61979dxmHb5Y39T9J8Qcp4Ry3iTA8RZfinLlV0na1n6K5+J/grxx4x0P8AZ5k8JrqdxHCtlcRiAOQo3bsjHTnNfnLc+LdT8JL9rtbp7S4kYq0isVbB56iv2u+LXgrwD8L/AIFxeEZrq1n1mOG4jd8KsrswYqCOueRivwU+J0dzEI7e/QwBJg29xgPx92sMFw9VzHEKpW0Xkf2Nxd405DPh2OMyxxdbl1Wtr/mf1E/8E+9VXxd+ydoV7rN0b6SR7oPLIdxkAlYbTntjivQPixqt98INHXxn8FZm8M6tJKsLz6cTDKYiCWUsuDtJAJHtXwR+wJ+0e/hj4D+HvA1t4akli8+ZPPVwFHmTHJxt7Z9a+5/2p7S2X4fxXVldqJmuUzCv3lG1ua/KcPGWGzfEU4P4ZyX3M4eDMI8VhMNWzWOmIhGXK7OL5le3XTXqf0lf8Eg/iH43+Jf7L1t4p+IWsXOs3jXl1Gbi7kaRyFYYG5sniv1jSRmYs67q/Fv/AIIc77f9i+zST9+/9pXnHf7w571+1ZiKRg1/XPDWNlUoRUuyP8KfpC4KjS4sx0aceWMKkrRW1r7H/9X+92C4W8n823ffFjBxyM1n3cSJdGzMJaCRDuHY5yDXnc2vyWemt4o0BjLao3lG2j5BY/xZ/wDrViS/Fu0g8OTeLNSIgETGP7O7gEnH3s//AFqmGFVfRlY+rKEf3J85Xn/BOT9iOwS51bUvBGlo7s0jysrD5n5Ofm7mv4Bf+CxnjHwL8Lf2obfwH8EXgtLdrORjFZuCN63EinjnkKK/rA+OPxo/aa/ahgutL+D+s3/hSFnEAMI88ZifczcBfvLxXp93/wAEbf2Ufif8Pl1z4t+GtO1DxzJDHs1W5hYXGGAaTC7x95ixPua8zNuDaVrpH3Phb4gY3BY6Mq8na6P8/j9nLxyNM+L2n+INUuRZPGsuZZGxgsh5yfU1+l938TtR+Jkgh1Gc6xBbfuo5wwZYU6heB3r5K/bQ/wCCeP7Qn7Kv7RE3hK30DU9T0q+8+7gu0s3jhhiMrqkYzuyMAYOe9d5+zv4J8feEvDOpS+I4LiDdKrCCVCpYYx39K/CfEHh2rPAzo0t7r8z/AHc+jf4y5PmDhhKlRKXLLX0j3P6IP2QviH8MrTx34PWbxJYwz2duIzA0qhgRCQR17V/QR8GvEfw38c2l7eX99a3AtpNquXBAGPwr+BT4WfF+38E/FeDVr/SW3200m3c+3Iww4yK/f39i/wDbIL+G9YafQ3MfnDgzDBGB/s1+c8PZVisK1zo/jDx6wOEzbNqywVf95fSx+/Gl/sM/sjaZ8Ql+O2geE9OufEguDfJdxA+aZn5Lg7sZOfSvoHxd8XfAHgE2K+O7q30kyqTAtzII+FxnGcZxnmvHPg78cNJ8S+GtEsbHTxby6hBHhxJkxkjuMc1w37U37L19+0RPpd5LrAsV0hZQd0Rk3+YV/wBoYxiv0aOOn7P3kfxXjMjxE8asPxBN8utm9dOnfqfYUPi7wxL4dXx5b3MNxpskZnW5VwY0Rer7umPesPwR8R/hr8QL28j8O6raXsibfNWGRXPzZxnB71+Xk3x7n8J6P/wxjDp7u86HRU1UPhFMvHm+Vgkgbum78a9k+B3wXl/ZWZtSvLwa9JquwMyoYtnlEnJyW65ryKOZyWJi4bGz4EnSpSU21OX8Nd49+y/A7D4sfs4fsm+ENc1340XnhvTl8TEPeC7Y7ZTcRLuVsk/eBAxxX5R+APCNz+1n8ZvG+u/E6f7Roeg2iX9l9pXfFAyqAzqwwB05NXv+Cg3/AAUZ8I6DqN98P9T09NHkaWS2F1LcqolLJjhSo9elfQH7OHhaDxB/wTK8W/EP4cKJNc8Q+FNViivbYb3MirMsZGOGIIGBX71kWBpVqPNNan53mWLznC1Uswm+VbXd9D8ZfiZ+yr8P/ib+1X4bstN1S11PSbrW7NJoY03o0TMiupIboeRR/wAHHP7FH7Nv7Mv7HngnxH8IfCdlZa3deJYre6ubVSshha2lf5sk8ZAro/8AgmD8PfG41zwjpHxgupRr+mXlvJPcXibJZ2+0ZUFT0O3Ar6V/4Ost+ifsY+Cb9QZWuPFMURA4x/ok3NfVZdh6FFOy1P0Phni6via1KhCs+Xt3f+R/H/8AAH4leMfDdz4c0vRdTkWxjv4vMhQjaEMoL59vWv3X/a6h8efHTwfF4U/Zc0e61/X0uIZ5Y9IU3M32dUIdiiAnaCQCa/m5+HD3Omz6WlvLtaS5RMjvl+lf2X/8EKLK8/4a41Cxv4mgKeH7lvNcYB/eRcV/PFbh7nzavUa0c2/vbP8AXfjHjGnl3h1QzqnP97h6MElfRtQX+R+t/wDwQo+Hnxf+FH7F9l4b+OGkX2ka6uo3jtBqETQzCN2BUlWAOD2r9vZF3DHauLlEq26zWynfuAJA5xXaMSIwfev2/JML7KCif4b8WZ9POsTLNK3xVW2/nqf/1v7VPFWuaJ8Mb3/iYOkHh3Zuk3sEj81v+mjd+Oma+GPEHi2f9oXxstl8FblZfDAj2zvbYuIftCElwZE3YbBHGa+I/wBvL9r7WPjj4mg+DXwAvTfaHdQwzyXNkY7q3EyswZS6BvmxjIzxX6h/sbfs1f8ADHnwFm8JWTJe3N/dtqBe3DYHnxqCCGzyNvNdNKao6hlFdS+PU2PCnwn+Efw+1+30Pw4LaIyKZX2yk/vCPmPLH0r6bnt49aaPXlmS1trKPyj5h4OOhzX4f/FPx38S/D3xCWbw1cyTnbnMMYcAljkdDyBX66eLV1e6/Z8AtZxY3lxb27tJIB94hd2QR3rSrmKqKxePxMKb/d7n5JfGL9o/9nr9qv8AaTsPgpeeD59ZvFgltvtkU26NTbM7FSIznnGa+hpf+CVH7P2taVAw0CFGvo1kG55/3eRna3zda/K/4R/GH4GfsV/GW78d+ONAbU9TF3czC9im8tVE26Mg7jt5OT+Nfodff8Frvgb4W0j7dcIt8l2olRYruD9wp6Rvz1FeVPKYVneSuj6Th3xCzTK2q9Cq4W00ffQ6P4k/8ESP2O/EXgSe28H+G7TTPErRoI9Rea4ZUkyC7FfMx8wyOnevhn9qv/gnL4++GWi6NdfspwvpFrpFiq6zbW8Mty2pXCfKZI92/bnqAMV9Ux/8F1P2atW0qaOCBI5OAVN7Bkn6Zro4f+C2f7N8X2aa5lgghVR5m+9twDx6k14mY8MUHoke9hOMMfltdZniarcnrq2fiRa/ET/gqF4GdIfCmjeJIU075IdulM3C8DGYea3rD9qX/gsxeNIlzB4m8on7p0YDj/vxX9XXwg/ar+FHxs8O2uteF9QtQmoRRyxYuI34kGRgqea9O17xj4f8O2Ml/f63aRKg3DdIo/ma+a/1EdV6Nn0ub+K1TFJYvF0Y6bX/AOGP4kr68/4KbXXjN/iHf6L4ibUUmFzFIdKfIkHOQPKA/Suv8aftRf8ABWrULS0tbm18SWaW+7zppdJwgBx8xJh4Ar+s/Tf2tPhDqPiu38Iz65YvcNMsIxcxZJY+mc17Xe+GNB8fx3tjPPDdWE6lHVWyCjcHlT3rD/iGMqVWM2ctPxwqYucXiKajyK0fQ/kX8XeDf2OPiv8ABzSfEH7YfirQJPGhhaaaPUL9bS5F5g4BiEiYbp8u38K/Sv8A4JVeLbXXfCOt/AHwLqkF94PsdNaHT47ZllhQTu28iRcsw3Mc/Ma9j+M//BEn/gnN8YvHj+LPiv4AttUuZroTrK1zdJ+8/vfLKBX2N+zL+xT+z/8AsbG6g+BmixabYzQiKGCCWWQqA2/rIzE5Ymv0rC5U8NRsfnXF+cY3NqqbVon4U/tYfC74pfszftL6D4o8J3TQ6Y+s2vmmOIlRFHsZss4IA681+uXxM/Z8/Z3/AOCjf7OvhnTP2i7G38Q6bbagbyNZZmjXzo90WQ0LJztJFeS/8Fdj4fg/Ze8TeL21e007xJb6XqE+mwzOBObtLZjEqRk/M5IGFwc+lfiR/wAElvi/+3h8Rf2RdKi1671K5ntDfzov2IAkpcOFwBH6dK5MPRqSk7M5KWIlg6K+qP30flH/AMFFf2bvgB+zx/wVdi/Z9+Fmmwab4Sh1PRUgsEld1U3KxNJ8zsX+Yse9f3sfs4/sR/Av4DeJf+FkfD/SYbG9urM2xkSSRjtfaSPmYjqK/iE/ao/Y5/ak+Kn7ZEf7WHj7TdQknivLC4eKWylSUCyCYJwoXonHFf01fCf/AIKnjXra28J6rpt3aTwrlnmaNRgEDGMD1rKGTRU5NrVu5+/eKHjBjcXkOX5fGo1BUoxqK+jfKr377M/dOK01TTiBcziVCew9a7Q5dQDXhfwp+J+kfE7w3HqlrdxyZY8B1J+X/dr3QuoFezClyaH862TjD2fwo//X+zv+CCP7KPxkg+B11N8cJHu9VXWLkpNLA0OIhHFtXaAo655r+sLWvH3gHwnqcXhfW7+3s2+yhsyyhRjBHQn2rH+HejjTPA09n4PCWM/nM43+mBniv5Mv2w/if8Xfit/wULsP2edR1iG2e60L7UPOVY0wkkgHIG7t6US13JjFR+FH0/8AtWftJfD/AODfj5l0HxJZTJ5ay7YpUJy7sD1zX7Efs4ftJfC742/CeKHxhfW92pEaYaZB8ojVh90jvX4Pp/wbip8RmXxD461DSry6kwVZby6X5PvAYCj1r7V0T/glhefs/eEBpfhe4tAYwhAjmmk7BP4h6CpUEtkEop7o+7PFP7G//BP34wCaDxf4ZtNQEzfN/pcozg7v4ZB3rzBP+CSf/BMTULK5s18E2UKSN0a8ueR6/wCtr5Z8HfAf9oDQbxpLG5TYrNjEbntj+7XW6/4X/aDsnjSZmkIGMpAxH/oNaqpJbMJRUo8stj1fTP8Agif/AMEs4LlrgeCdPO5tx/0265z/ANta4b4qf8Ee/wDgmDFp7W6eDdP2mMjH2y59f+utcnZw/HiAeXiXP/XBv/ia5jxH8OPj54kVmZX+Yd4XHX6LUt33NMRN1oqNX3ku+p/N/wCObb9tH4e/tBeI/hT+xz8U7XwvouiapNZaXZx28dx9mgiYrDHl1djtUY5JJr9OPgF+wp/wWj+PelpP8Rv2gLSa2nWMhZdMRflkBJ5WIelfqL+y9/wR4+EngfxtJ8dvFunxzarrU6alc7Li4D+awJbKHCg5boK/anS7e18L6XDoPhG2e2igQRruG7heBycmqhUlH4WFSTnD2ctV26H8jHjj/gkR+3x8C/Gdt8a9R+KllrUOhz/2hdWdtZES3KwYYxoduAW6CvQI/wDgqr+0L8DY/wCz73wprt7GBtKxQoMhOSOU75r+sMWceo2+NcQyOwwD0GT615zr37Pfw28VSi61ezSRskj5yOv0q5Yict2zB0IOzaWh/MXJ/wAF9fG0dukms/B/xVfiH5hsRByOey1t+F/+C3nxP/aCN7oHw++HfiPwLd6REZ2ub+ONlnzwFQFeoPNf0iRfAz4ReH0MA0ZpABt+Usf61nXP7Onwb8XuoOjNCIzucuzLke2DUurJqzZ1LETS5U3Y/lM1ez/aT/b5+I9jYfFCS6utOhu4pQtxb7QA5Ebcxqvav6e/2Lf2aPD37OvwhsvDumQxwyxpMvyl/wCNy/Rya9d0Pwb8L/hPObPwppzpI2EBVi4HcdT616OIte1e0F7DIqJ1CsMHj8KzWmxmnbVHC6z8OfBfjNZbbxZp32ueddskhZgGUjGMAjtXgA/4JvfstLqbaqnhqETOMFvNm/8Ai6+xNP1VoYRHeo7TjqwHHtxV/wC3X0hyjcfSnzMqrUlOPJN3R5H4O+Gnwx+EFquj+ENI+zxgn7rsR83X7xNe+rHHgYFc5JHp82DeIWbPUHFdRT5mRHSKitkf/9D+6HRUTVpDqejxNaRAFCk33ie5+lfzEf8ABUD9nXR/BP7YWn/tcaZps1zNYaNDpxEHmPLhpJGOE+5jn61/WAbaHztgGARnFfPnxu+EXgTxZorSa7aGY/KPvsOhPoaAPyG/ZX/4LCfBr4k3Np4G1Hwp4h07USXRbq8ijigVYkB5O/vg44r9WfC3x7+AvjtFWXVLWKVuNktzGrcDPTfX5leJv2Y/g5AJXi0wg88iV/X61+B3x/063+HXxOV/CZe3KhiMsW6uw7n0oA/uW0/UtAFtv8N4lQ9GjIcfnk9q1rCH7TBK16AWLDaMYOK/nV/Zf/at+N2j+AktrDVFVFK4BhQ9IwO4r9A/gD+0V8V/Hd1dSeJdQWcwTbExEi4GD6AUAfpXb6JYCXzJUUc/SrOoXdppcI2RbhjPygGvPLDXtT1GOFrt9xZQTwB2r0uKNJrDEgzlRQBW02O2uE+1hCpfDenWsDVbbxnPc7dHuookycblzx27Gu5gRUhRF6ACpaAOFs9J8Vu8Z1q5ilVTyFGOO/YV0U2mLlXtMKRyc5rYooAzwt1GgUsCR6Cqwh1CQSLM6lGXAGP/AK1bNFAHJW/hmyLtNIn7zHByetVp9P8AFsVz/oN1EluCMKRz79q7aigDJitQUD3g3y9yKrS28obERwK36KAMtLO3I/eqSfXNalFFAH//2QAA/9sAQwAIBgYHBgUIBwcHCQkICgwUDQwLCwwZEhMPFB0aHx4dGhwcICQuJyAiLCMcHCg3KSwwMTQ0NB8nOT04MjwuMzQy/9sAQwEJCQkMCwwYDQ0YMiEcITIyMjIyMjIyMjIyMjIyMjIyMjIyMjIyMjIyMjIyMjIyMjIyMjIyMjIyMjIyMjIyMjIy/8IAEQgAOgA7AwEiAAIRAQMRAf/EABoAAAIDAQEAAAAAAAAAAAAAAAQGAAMFAgf/xAAZAQACAwEAAAAAAAAAAAAAAAAAAwIEBQH/2gAMAwEAAhADEAAAAX8KeZxstMFJVfZDVTeZnmySdfyawuhG3smKlkDZKWuu99Ti2yPxwERzoJZmtnGKdwtM0YvOc1tkDALLWp194fSuDMvMgc9SB//EACAQAAICAgIDAQEAAAAAAAAAAAIDAQQAEwUSEBQgETL/2gAIAQEAAQUCx9tFXJ5s4iOcksRaTa+Ldj1asu7mmiRh6mTU6ZXsQ8fDbj3mkBY7eW+XkMFb/UrsDVd4mgc5UGQss7MylANWxW23sHrxpSqcsoF4WGkF2nrYqtUTUx6EyVqpEI4+Te/O8NG1pLJHjcNR6mVbBE4Vw/i+ikY+NWLU0AkHzCuOrKD0VYquCfLYiQCZCyH8/P8A/8QAIxEAAQMCBQUAAAAAAAAAAAAAAQACAwQREBITITEUICIyYf/aAAgBAwEBPwGmp9Y78Lp6UFTQhvkzcYQPb6tRfGTa3CGSQFllLEY3ZSoZjGfiknDybGwWu4HnZVMupJcdv//EAB0RAAICAgMBAAAAAAAAAAAAAAECABESURAgIUL/2gAIAQIBAT8BY0Jm+oG3w9GegXcr6imxcKgzBh5FXcRcR1//xAAuEAABAwMBBwEIAwAAAAAAAAABAAIDERIxIQQQEyIyQVEgUmFicYGRo+FDodH/2gAIAQEABj8CTeM+27Giqdk/J+lpsv5P0ncF91udPQ+a263tVGaR10p91FVz6fRdH9oPhNsrcOXh4y3xvYZn321ppRculEIwelVLkJHfRBznWxu69N4jEdJY+s1zXCc05UsjeV0VKn2qpzXM1GTXKbs0Ysp3zXSqgLtaXVRgc/l/jFPvu1Nrm4d4QLyXNHS+lLk6F50dkK3Mj8nym7S3Pj2lK8OFIaDQZ1UUgFQ2t58bnupWNuPiUIma3h55uyJZMGO8rm24WH4Amu4jZNagnlp/qfA5jpGSi8tb7ihGQWzHqB3RQNeIYS2lyAbPc0eQutn2VvCY89yWrMo+UhCNo1Pc79RVS2mnyQ9X/8QAJhAAAgIBAwMEAwEAAAAAAAAAAREAITFBUWEQcYEgkaGxwdHw8f/aAAgBAQABPyGbwTIWs47ylEdsO7lDbgZAn37ejanaTZAz5hq6r9jSsQFaeT+Z/f8Auav9Q88ErEPq3s+F9eE8hH2EDBVqy6gq1fTcOGiAHEEaMFp5UsLhrNCvk9c58z9ajQraBRQL6MF75G0B2UeuTa3aaShq2fgDO1IYjUxfeNv30HSFh/vqN3OxQLImh4ZNCTAgfkIrw6owOZNhlfA7RpvpyCh9priTBkCB36F0CkQOf6HzCAFnchdKA2nkAZK8GFp/EtYQBYAtj4APumyfOBAdLv8AEF823llfB6KniEgKISFxGwJiv2hICDmH4Yw5J+JYVxPpjCRn1LiepUi2ogwIOxKGSYl16v/aAAwDAQACAAMAAAAQhQ/8VLt3995XYkM8/8QAIhEBAAEDAwUBAQAAAAAAAAAAAREAITFRYYFBcbHB8CDR/9oACAEDAQE/EFWUDL/KmhZ592PNCKo65O+z0eG+aMQQSptbPMUheZGxkv7qA4EXtrMPCSb3nFM7mjqa/dbUJW+imhEZjw28datg2Ecab0TYCx93WNo/P//EAB4RAAICAgIDAAAAAAAAAAAAAAERACFBwRAgUeHw/9oACAECAQE/ELZMxocOqh4MBINrfuLyBQEEz+3AqS8zAJlEAELlB1//xAAkEAACAgICAgICAwAAAAAAAAABESExAEFRYRBxILGR8YGhwf/aAAgBAQABPxDDgu+rzQUkvnDdBssxxgHAfePvnPFQO1cfD9KGSitq1l2+HAEpoGtY6vtFbDx0GLgEHVFtD2Aieec0fkyQnQAWA4rzqwzWADQ6F8YYadtKWjSRznQUD/IGba6Kn/M19wFySBm110mBEAkQVzPkfo0/YECEi95b+IMGza94J1jYqwGEAiAX1mnGJTJCCggO80SDsgsBJEXvJv71YoUPVZGfFFcczZBl68AosUgASJsAWAprCCAmHCCkIigwxhsNVpIZHoUcus8NyRYERp5LmUN0AbJotCcDrgBxjckmGB5pZqmoWpYktCN+FzkoBR/AjywXcGTSRsXJMYLB0i6MSYKY9E7RFEyTCDLuV5JZeKbAIyEEBGJAvdE4EsAYsctl4pAoe8ejwRLzzKWGpDR6wO5ScYAuBv8ARii7+ntBhAQadKHrAHdCYep0MRpI8gz+fA8HCCis5K2Qf1hEBGRJfy//2Q==\" alt=\"\">', '2018-11-06 16:03:52', '0', '0', '0', '13', '1');
INSERT INTO `dnf_theme_post` VALUES ('36', '1', '1', '体验服的第一个帖子哦', '请大家踊跃报名~<img src=\"data:image/jpeg;base64,/9j/4AAQSkZJRgABAQEAAQABAAD/2wBDAAYEBQYFBAYGBQYHBwYIChAKCgkJChQODwwQFxQYGBcUFhYaHSUfGhsjHBYWICwgIyYnKSopGR8tMC0oMCUoKSj/2wBDAQcHBwoIChMKChMoGhYaKCgoKCgoKCgoKCgoKCgoKCgoKCgoKCgoKCgoKCgoKCgoKCgoKCgoKCgoKCgoKCgoKCj/wgARCAAvAC8DASIAAhEBAxEB/8QAGgABAAIDAQAAAAAAAAAAAAAABgQFAAIDB//EABYBAQEBAAAAAAAAAAAAAAAAAAABAv/aAAwDAQACEAMQAAAB9UgRT0T9pdgZO82QVsNXcsWhv7KkQW/7cBcKal9lGZgPS1KE/8QAHxAAAgMBAAIDAQAAAAAAAAAAAgMBBAUAEBMREhQj/9oACAEBAAEFAua2FhGsqYjVDkthw9bsfmr2FCHK0qjSYYqALFU21GxY7SH7O3cyw5+Nl2E9o1WWF1MW3B56xi1rQXpJZmRraNWqVs7P4j6o8St8mGU7viPdoklQqDkfB63jHn+Xf//EABQRAQAAAAAAAAAAAAAAAAAAADD/2gAIAQMBAT8BH//EABgRAAIDAAAAAAAAAAAAAAAAAAABEBEg/9oACAECAQE/AZZYsf/EADQQAAIBAQQHBgMJAAAAAAAAAAECAxEABBIhECIxQVFh8BMjUnGhsUKRsgUyU2JygaLR0v/aAAgBAQAGPwKxZ3VFG827mOe8CtO6jJ9bd7DeYF8UsRp87Yo5FZeK6HlYVw7hv5WE9/ePGp+PNR+gft192wWO9Rs/Cu2zM7BQN7GxNwvEUV6J4ECTkw37fP2ti1uaj4TvHX+bXDKvfj6T/ViwwuWaoOKhw+GnK2GaLCCyuTXPI9dZ2XURiprhYZNkRwPHrbYiSGPWBXWcauW232hBgomMOOdRT3W0cqV7iQS04jePkbY1pKspy8uutrWZInwvh1TwPrZDLB2C51Wta8uXX5jZwpWhO218m1eySkakZ1pWv1U0R3dQDBJVl4py8s+stLVrDdVYrRTrS0PoMrBI1CKNgG7Rem/DjRfU19tMy+GaQfzOj//EACQQAQACAgEEAgIDAAAAAAAAAAERIQAxQRBhcZFRgaHBsdHw/9oACAEBAAE/Ic3ZwUD2oH3kzmCR8ndA+/7wMoqBA2C7RvbXfJKNpR/MvSQuIjc2gl2rH+nIzsSVB5LL9+eHDcxFAPYH63l5N2IHdcDiKAXC8Akoo+Q4pZPURDq0hhOfOsWmEo4mUfplgStYdIASa3spGW8BjOAWUgETHdb4AwJDf+yIDO++Hck8umGkzEmsUKBd4SPy5egonZyBKcnmjG0d1zVKfEYATFEdQUslMb5Ck4TAdAmfnjJQIaSR221u/d4pVQSskR4elyfi0JsxTIgsPHWgHyhACMXNCC27wPwwGh0VykXwr/D1q2jej//aAAwDAQACAAMAAAAQ+uceJftAL//EABgRAQADAQAAAAAAAAAAAAAAAAEAEBEx/9oACAEDAQE/ELAezMov/8QAGBEBAQEBAQAAAAAAAAAAAAAAAQAQESH/2gAIAQIBAT8Q7dxJCSavsb//xAAkEAEAAgIBAwMFAAAAAAAAAAABABEhMUEQUYFhkaGxweHw8f/aAAgBAQABPxCXcxqxAAM1UIpWjgZ9EVnzwEwFBAascFPABlQgbqDIADCADLqWG1o9g3VvRCCyEPPORt9EEFyp2CsjBCcRNGGBkg2IIdxS39giAgFcF1HIfwBVFAvf5SAAgAm1RUQj+gAZ5pTjgF5TH5IBGoMArZkOQp3jBuWGiSKxTTt2ALDpb4HCcXRRZ8gKrd62tnMmwdyVeBjvPYsqBK+gBUE6CyIVEIB/fNjRQMOyOPmVNQGG0HUAALaRUBQHJLAcE8F8SR0dbkDwCeepUF7Q2/fp/9k=\" alt=\"\">', '2018-11-06 20:19:42', '0', '0', '1', '3', '2');
INSERT INTO `dnf_theme_post` VALUES ('37', '1', '1', '论坛快讯', '大家踊跃发言！！！<img src=\"data:image/jpeg;base64,/9j/4AAQSkZJRgABAQEAAQABAAD/2wBDAAYEBQYFBAYGBQYHBwYIChAKCgkJChQODwwQFxQYGBcUFhYaHSUfGhsjHBYWICwgIyYnKSopGR8tMC0oMCUoKSj/2wBDAQcHBwoIChMKChMoGhYaKCgoKCgoKCgoKCgoKCgoKCgoKCgoKCgoKCgoKCgoKCgoKCgoKCgoKCgoKCgoKCgoKCj/wgARCAAvAC8DASIAAhEBAxEB/8QAGgABAAIDAQAAAAAAAAAAAAAABgQFAAIDB//EABYBAQEBAAAAAAAAAAAAAAAAAAABAv/aAAwDAQACEAMQAAAB9UgRT0T9pdgZO82QVsNXcsWhv7KkQW/7cBcKal9lGZgPS1KE/8QAHxAAAgMBAAIDAQAAAAAAAAAAAgMBBAUAEBMREhQj/9oACAEBAAEFAua2FhGsqYjVDkthw9bsfmr2FCHK0qjSYYqALFU21GxY7SH7O3cyw5+Nl2E9o1WWF1MW3B56xi1rQXpJZmRraNWqVs7P4j6o8St8mGU7viPdoklQqDkfB63jHn+Xf//EABQRAQAAAAAAAAAAAAAAAAAAADD/2gAIAQMBAT8BH//EABgRAAIDAAAAAAAAAAAAAAAAAAABEBEg/9oACAECAQE/AZZYsf/EADQQAAIBAQQHBgMJAAAAAAAAAAECAxEABBIhECIxQVFh8BMjUnGhsUKRsgUyU2JygaLR0v/aAAgBAQAGPwKxZ3VFG827mOe8CtO6jJ9bd7DeYF8UsRp87Yo5FZeK6HlYVw7hv5WE9/ePGp+PNR+gft192wWO9Rs/Cu2zM7BQN7GxNwvEUV6J4ECTkw37fP2ti1uaj4TvHX+bXDKvfj6T/ViwwuWaoOKhw+GnK2GaLCCyuTXPI9dZ2XURiprhYZNkRwPHrbYiSGPWBXWcauW232hBgomMOOdRT3W0cqV7iQS04jePkbY1pKspy8uutrWZInwvh1TwPrZDLB2C51Wta8uXX5jZwpWhO218m1eySkakZ1pWv1U0R3dQDBJVl4py8s+stLVrDdVYrRTrS0PoMrBI1CKNgG7Rem/DjRfU19tMy+GaQfzOj//EACQQAQACAgEEAgIDAAAAAAAAAAERIQAxQRBhcZFRgaHBsdHw/9oACAEBAAE/Ic3ZwUD2oH3kzmCR8ndA+/7wMoqBA2C7RvbXfJKNpR/MvSQuIjc2gl2rH+nIzsSVB5LL9+eHDcxFAPYH63l5N2IHdcDiKAXC8Akoo+Q4pZPURDq0hhOfOsWmEo4mUfplgStYdIASa3spGW8BjOAWUgETHdb4AwJDf+yIDO++Hck8umGkzEmsUKBd4SPy5egonZyBKcnmjG0d1zVKfEYATFEdQUslMb5Ck4TAdAmfnjJQIaSR221u/d4pVQSskR4elyfi0JsxTIgsPHWgHyhACMXNCC27wPwwGh0VykXwr/D1q2jej//aAAwDAQACAAMAAAAQ+uceJftAL//EABgRAQADAQAAAAAAAAAAAAAAAAEAEBEx/9oACAEDAQE/ELAezMov/8QAGBEBAQEBAQAAAAAAAAAAAAAAAQAQESH/2gAIAQIBAT8Q7dxJCSavsb//xAAkEAEAAgIBAwMFAAAAAAAAAAABABEhMUEQUYFhkaGxweHw8f/aAAgBAQABPxCXcxqxAAM1UIpWjgZ9EVnzwEwFBAascFPABlQgbqDIADCADLqWG1o9g3VvRCCyEPPORt9EEFyp2CsjBCcRNGGBkg2IIdxS39giAgFcF1HIfwBVFAvf5SAAgAm1RUQj+gAZ5pTjgF5TH5IBGoMArZkOQp3jBuWGiSKxTTt2ALDpb4HCcXRRZ8gKrd62tnMmwdyVeBjvPYsqBK+gBUE6CyIVEIB/fNjRQMOyOPmVNQGG0HUAALaRUBQHJLAcE8F8SR0dbkDwCeepUF7Q2/fp/9k=\" alt=\"\">', '2018-11-06 20:24:21', '0', '0', '0', '1', '3');
INSERT INTO `dnf_theme_post` VALUES ('38', '19', '6', '21212', '212121212', '2018-11-07 09:29:11', '0', '0', '0', '3', '6');
INSERT INTO `dnf_theme_post` VALUES ('39', '1', '2', '大声地说', '<img id=\"demoImage\" alt=\"\" src=\"data:image/png;base64,iVBORw0KGgoAAAANSUhEUgAABjcAAAKUCAIAAADHG/07AAAAAXNSR0IArs4c6QAAAARnQU1BAACxjwv8YQUAAAAJcEhZcwAADsMAAA7DAcdvqGQAAGINSURBVHhe7d3NYeM40y7QjssBOZN37zC+CHp1M5lg+kq2JfFXoCiQKACnVzNtiiqcKnOoZ0jqzz9/CBAgQIAAAQIECBAgQIAAAQIECJQW+FO6AO9PgAABAgQIECBAgAABAgQIECBA4J+UyhAQIECAAAECBAgQIECAAAECBAiUF5BSle+BCggQIECAAAECBAgQIECAAAECBKRUZoAAAQIECBAgQIAAAQIECBAgQKC8gJSqfA9UQIAAAQIECBAgQIAAAQIECBAgIKUyAwQIECBAgAABAgQIECBAgAABAuUFpFTle6ACAgQIECBAgAABAgQIECBAgAABKZUZIECAAAECBAgQIECAAAECBAgQKC8gpSrfAxUQIECAAAECBAgQIECAAAECBAhIqcwAAQIECBAgQIAAAQIECBAgQIBAeQEpVfkeqIAAAQIECBAgQIAAAQIECBAgQEBKZQYIECBAgAABAgQIECBAgAABAgTKC0ipyvdABQQIECBAgAABAgQIECBAgAABAlIqM0CAAAECBAgQIECAAAECBAgQIFBeQEpVvgcqIECAAAECBAgQIECAAAECBAgQkFKZAQIECBAgQIAAAQIECBAgQIAAgfICUqryPVABAQIECBAgQIAAAQIECBAgQICAlMoMECBAgAABAgQIECBAgAABAgQIlBeQUpXvgQoIECBAgAABAgQIECBAgAABAgSkVGaAAAECBAgQIECAAAECBAgQIECgvICUqnwPVECAAAECBAgQIECAAAECBAgQICClMgMECBAgQIAAAQIECBAgQIAAAQLlBaRU5XugAgIECBAgQIAAAQIECBAgQIAAASmVGSBAgAABAgQIECBAgAABAgQIECgvIKUq3wMVECBAgAABAgQIECBAgAABAgQISKnMAAECBAgQIECAAAECBAgQIECAQHkBKVX5HqiAAAECBAgQIECAAAECBAgQIEBASmUGCBAgQIAAAQIECBAgQIAAAQIEygtIqcr3QAUECBAgQIAAAQIECBAgQIAAAQJSKjNAgAABAgQIECBAgAABAgQIECBQXkBKVb4HKiBAgAABAgQIECBAgAABAgQIEJBSmQECBAgQIECAAAECBAgQIECAAIHyAlKq8j1QAQECBAgQIECAAAECBAgQIECAgJTKDBAgQIAAAQIECBAgQIAAAQIECJQXkFKV74EKCBAgQIAAAQIECBAgQIAAAQIEpFRmgAABAgQIECBAgAABAgQIECBAoLyAlKp8D1RAgAABAgQIECBAgAABAgQIECAgpTIDBAgQIECAAAECBAgQIECAAAEC5QWkVOV7oAICBAgQIECAAAECBAgQIECAAAEplRkgQIAAAQIECBAgQIAAAQIECBAoLyClKt8DFRAgQIAAAQIECBAgQIAAAQIECEipzAABAgQIECBAgAABAgQIECBAgEB5ASlV+R6ogAABAgQIECBAgAABAgQIECBAQEplBggQIECAAAECBAgQIECAAAECBMoLSKnK90AFBAgQIECAAAECBAgQIECAAAECUiozQIAAAQIECBAgQIAAAQIECBAgUF5ASlW+ByogQIAAAQIECBAgQIAAAQIECBCQUpkBAgQIECBAgAABAgQIECBAgACB8gJSqvI9UAEBAgQIECBAgAABAgQIECBAgICUygwQIECAAAECBAgQIECAAAECBAiUF5BSle+BCggQIECAAAECBAgQIECAAAECBKRUZoAAAQIECBAgQIAAAQIECBAgQKC8gJSqfA9UQIAAAQIECBAgQIAAAQIECBAgIKUyAwQIECBAgAABAgQIECBAgAABAuUFpFTle6ACAgQIECBAgAABAgQIECBAgAABKZUZIECAAAECBAgQIECAAAECBAgQKC8gpSrfAxUQIECAAAECBAgQIECAAAECBAhIqcwAAQIECBAgQIAAAQIECBAgQIBAeQEpVfkeqIAAAQIECBAgQIAAAQIECBAgQEBKZQYIECBAgAABAgQIECBAgAABAgTKC0ipyvdABQQIECBAgAABAgQIECBAgAABAlIqM0CAAAECBAgQIECAAAECBAgQIFBeQEpVvgcqIECAAAECBAgQIECAAAECBAgQkFKZAQIECBAgQIAAAQIECBAgQIAAgfICUqryPVABAQIECBAgQIAAAQIECBAgQICAlMoMECBAgAABAgQIECBAgAABAgQIlBeQUpXvgQoIECBAgAABAgQIECBAgAABAgSkVGaAAAECBAgQIECAAAECBAgQIECgvICUqnwPVECAAAECBAgQIECAAAECBAgQICClMgMECBAgQIAAAQIECBAgQIAAAQLlBaRU5XugAgIECBAgQIAAAQIECBAgQIAAASmVGSBAgAABAgQIECBAgAABAgQIECgvIKUq3wMVECBAgAABAgQIECBAgAABAgQISKnMAAECBAgQIECAAAECBAgQIECAQHkBKVX5HqiAAAECBAgQIECAAAECBAgQIEBASmUGCBAgQIAAAQIECBAgQIAAAQIEygtIqcr3QAUECBAgQIAAAQIECBAgQIAAAQJSKjNAgAABAgQIECBAgAABAgQIECBQXkBKVb4HKiBAgAABAgQIECBAgAABAgQIEJBSmQECBAgQIECAAAECBAgQIECAAIHyAlKq8j1QAQECBAgQIECAAAECBAgQIECAgJTKDBAgQIAAAQIECBAgQIAAAQIECJQXkFKV74EKCBAgQIAAAQIECBAgQIAAAQIEpFRmgAABAgQIECBAgAABAgQIECBAoLyAlKp8D1RAgAABAgQIECBAgAABAgQIECAgpTIDBAgQIECAAAECBAgQIECAAAEC5QWkVOV7oAICBAgQIECAAAECBAgQIECAAAEplRkgQIAAAQIECBAgQIAAAQIECBAoLyClKt8DFRAgQIAAAQIECBAgQIAAAQIECEipzAABAgQIECBAgAABAgQIECBAgEB5ASlV+R6ogAABAgQIECBAgAABAgQIECBAQEplBggQIECAAAECBAgQIECAAAECBMoLSKnK90AFBAgQIECAAAECBAgQIECAAAECUiozQIAAAQIECBAgQIAAAQIECBAgUF5ASlW+B8dV8OftP8fVZs8ECBAgQIAAAQIECBAgQIAAgaGAlKrWeXg7gMq2g1oF1U2AAAECBAgQIECAAAECBAhEEpBSRerGUi3ZwqTTdxRdVn0ECBAgQIAAAQIECBAgQIBAJAEpVaRu/Pt3epR06hvGslYNAQIECBAgQIAAAQIECBAgEElASlW4G6emRMHerDC9tydAgAABAgQIECBAgAABAgQiCUipCnTjnLAo18LqqjbXqu2HAAECBAgQIECAAAECBAgQOFlASnUeeN6457y6U+/U6rpS6/ZzAgQIECBAgAABAgQIECBAIKeAlCqn5nxf7yc4x9Z35N57XvuRrvZNgAABAgQIECBAgAABAgTaFJBSHdLX3QHNIdWE2SmWMK1QCAECBAgQIECAAAECBAgQCCcgpcrckh1BTOYKKtndDqjLSypZnDIJECBAgAABAgQIECBAgACBlwV87H+ZbPEFr2Yued61lb3Qa6WT1kGAAAECBAgQIECAAAECBPYLSKn22/28cnvC8u479fF6nn302SoJECBAgAABAgQIECBAgMBUQEq1cyaEKTvhNr+M8GYqGxIgQIAAAQIECBAgQIAAgRYEpFR7urglQNmzX69ZEqBtLggQIECAAAECBAgQIECAQA8CUqrXupxMTF7bna1fEYD/ipZtCRAgQIAAAQIECBAgQIBAZQJSqq0NE5FslTp4O404GNjuCRAgQIAAAQIECBAgQIBAGQEpVdpdLJI2On0LTTmd3BsSIECAAAECBAgQIECAAIFjBaRUCd/nacixzbH3lIDupIT8nAABAgQIECBAgAABAgQIVCMgpXrWqichSDUd7qBQbeqgyZZIgAABAgQIECBAgAABAu0LSKmWeyz4qG72tay6limYAAECBAgQIECAAAECBAgMBaRUC/OwlncYnfgCehe/RyokQIAAAQIECBAgQIAAAQKLAlKqKYuYo/ZfFR2svYPqJ0CAAAECBAgQIECAAIE+BaRUo74LONr4NdDHNvpoFQQIECBAgAABAgQIECDQlYCU6tHuxWijq2lobLEa2lhDLYcAAQIECBAgQIAAAQIE2haQUv32V6LR5KBra5NttSgCBAgQIECAAAECBAgQaFJASrWaUjXZ7w4XNQ+qOkSwZAIECBAgQIAAAQIECBAgEF9ASnXtkSAj/qS+U6H+vqPntQQIECBAgAABAgQIECBA4BwBKZWI6pxJK/wugqrCDfD2BAgQIECAAAECBAgQIEAgJSClklKlZqSJn0upmmijRRAgQIAAAQIECBAgQIBAywK9p1TCi5ane7w2ve6n11ZKgAABAgQIECBAgAABAjUKSKlG2UWNLVTzdoFJULX9hbYkQIAAAQIECBAgQIAAAQIEjhaQUkmpjp6xQPuXUgVqhlIIECBAgAABAgQIECBAgMBYoOuUyi1gvf066HhvHbdeAgQIECBAgAABAgQIEKhIQEr1CC4qaptSdwu4nGo3nRcSIECAAAECBAgQIECAAIFDBaRUUqpDByzczqVU4VqiIAIECBAgQIAAAQIECBAg8C0gpZJS9fWrIKXqq99WS4AAAQIECBAgQIAAAQL1CEippFT1TGuOSqVUORTtgwABAgQIECBAgAABAgQI5BeQUkmp8k9V5D1KqSJ3R20ECBAgQIAAAQIECBAg0LOAlEpK1df8S6n66rfVEiBAgAABAgQIECBAgEA9AlKqUWpRT+NUukdgElFd/nXPXryGAAECBAgQIECAAAECBAgQOECg90/prqw5YKji7lK74/ZGZQQIECBAgAABAgQIECDQvYCUyrVUHf0SSKk6aralEiBAgAABAgQIECBAgEBtAlKq6U1gtXVQvVsF3O63Vcp2BAgQaFdg/t8Cf0OgQ4F2f8WtjAABAgSqF+g9pbo0UHhR/RRvWIAub0CyCQECBNoX6DCPsGQCzoLaP7RZIQECBBoSkFJJqRoa5/WlOD/ros0WSYAAgZSAwIIAAd8ekzpO+DkBAgQIlBSQUl31RRglZ/D499bf4429AwECBOoQkFAQICClquNopUoCBAj0KiCl+u28IKPVXwGdbbWz1kWAAIEdAhIKAgSkVDsOHV5CgAABAqcJSKlWUyr/CT9tCo97o8Uz0ePezp4JECBAILiAL3sN3iDlHSRg8g+CtVsCBAgQyC4gpXqQSjSyj1fZHWpoWX/vToAAgYACPqsHbIqSThAw+ScgewsCBAgQyCIgpRoxrl0EnsXaTs4UEFGdqe29CBAgUIuAz+q1dEqdeQVMfl5PeyNAgACB4wSkVFNbQdVx03bOnnXwHGfvQoAAgRoFfFavsWtqfl/A5L9vaA8ECBAgcI6AlGrBWcxxzvAd8S56d4SqfRIgQKAZAZ/Vm2mlhbwkYPJf4rIxAQIECBQUkFIt4z/5/peC3fLWTwS0zHgQIECAQFLAZ/UkkQ2aFDD5TbbVoggQINCkgJTqWVsFH1UM/fOvlK5iCYokQIAAgXMEfFY/x9m7RBMw+dE6oh4CBAgQWBOQUiVmQwIS+ZdHdyJ3R20ECBAIKOCzesCmKOkEAZN/ArK3IECAAIEsAlKqNOPzKOTy0/QubJFbQFNyi9ofAQIEuhDwWb2LNlvkTMDkGwoCBAgQqEVAwrK1U2KRrVIHb6cRBwPbPQECBFoW8Fm95e5a27qAyTcdBAgQIFCLgJTqtU6JSF7zyrp1Et91bVm97YwAAQINCvis3mBTLWmDgMnfgGQTAgQIEAghIKV6uQ1bshJxycusm//v35p/xne0KwIECBBoVcBn9VY7a13PBUy+CSFAgACBWgSkVDs7tTGrElft9P33j/BuOi8kQIAAgTUBn9XNRp8CJr/Pvls1AQIEahSQUr3bNWHKu4Lj12/3lADmlbc3AgQI9CDgs3oPXbbGuYDJNxUECBAgUIuAlCpPp2Qr7zi+pCeceofaawkQINC5gM/qnQ9At8s3+d223sIJECBQnYCUKmfLXk1bfrbPWUE9+2JVT69USoAAgXYEfFZvp5dW8oqAyX9Fy7YECBAgUFKg04jkaPJ9EUzziRWWowfP/gkQIEDguYDP6iakTwGT32ffrZoAAQI1Ckipju3a7lymjcusOl/+sbNl7wQIECDwuoDP6q+beUULAia/hS5aAwECBPoQkFKd1Oc385rg5xZtr+6kEfE2BAgQIHC8QPD/nh4P4B06FTD5nTbesgkQIFChgJSqQNPyZjrzvR2xpBprPsLBPgkQIECgagGf1atun+J3C5j83XReSIAAAQInC0ipTgafvt3R6U/k/Rem9/YECBAg0J+Az+r99dyKrwIm3xwQIECAQC0CUqpYnYocKr1fWyxr1RAgQIBAfwI+q/fXcyuWUpkBAgQIEKhJQEoVulvvB0Nl9xAaV3EECBAg0J+AlKq/nluxlMoMECBAgEBNAq2lVGVDGe/eqkBNv9NqJUCAAIF1ASmV6ehTwOT32XerJkCAQI0CUqpWcxXryilQ4++2mgkQIEBgLuCzuqnoU8Dk99l3qyZAgECNAlKqnFmGfbUqUOPvtpoJECBAQEplBgj8CEipTAIBAgQI1CIgpWo1V7GunAK1/D6rkwABAgSeC/isbkL6FDD5ffbdqgkQIFCjgJQqZ5ZhX60K1Pi7rWYCBAgQmAv4rG4q+hQw+X323aoJECBQo0DjKVWNLVFzBAEncxG6oAYCBAhkF3B4z05qh1UImPwq2qRIAgQIELgISKmMAYEFASdzxoIAAQJNCji8N9lWi0oKmPwkkQ0IECBAIIiAlCpII5QRS8DJXKx+qIYAAQKZBBzeM0HaTWUCJr+yhimXAAECHQtIqTpuvqWvCziZMx0ECBBoUsDhvcm2WlRSwOQniWxAgAABAkEEpFRBGqGMWAJO5mL1QzUECBDIJODwngnSbioTMPmVNUy5BAgQ6FhAStVx8y19XcDJnOkgQIBAkwIO70221aKSAiY/SWQDAgQIEAgiIKUK0ghlxBJwMherH6ohQIBAJgGH90yQdlOZgMmvrGHKJUCAQMcCUqqOm2/p6wJO5kwHAQIEmhRweG+yrRaVFDD5SSIbECBAgEAQASlVkEYoI5aAk7lY/VANAQIEMgk4vGeCtJvKBEx+ZQ1TLgECBDoWkFJ13HxLXxdwMmc6CBAg0KSAw3uTbbWopIDJTxLZgAABAgSCCEipgjRCGbEEnMzF6odqCBAgkEnA4T0TpN1UJmDyK2uYcgkQINCxgJSq4+Zb+rqAkznTQYAAgSYFHN6bbKtFJQVMfpLIBgQIECAQREBKFaQRyogl4GQuVj9UQ4AAgUwCDu+ZIO2mMgGTX1nDlEuAAIGOBaRUHTff0tcFnMyZDgIECDQp4PDeZFstKilg8pNENiBAgACBIAJSqiCNUEYsASdzsfqhGgIECGQScHjPBGk3lQmY/MoaplwCBAh0LCCl6rj5lr4u4GTOdBAgQKBJAYf3JttqUUkBk58ksgEBAgQIBBGQUgVphDJiCTiZi9UP1bQr8H//93//+9//2l2flYUTcHgP1xIFnSJg8k9h9iYECBAgkEFASpUB0S7aE3Ay115PrSimwCWiuvy6xaxNVU0KOLw32VaLSgqY/CSRDQgQIEAgiEBrnw38NzjIYNVehkGqvYPqJ0CAwKKAw7vB6FPA5PfZd6smQIBAjQJSqhq7pubDBZzMHU7sDQgQIFBCwOG9hLr3LC9g8sv3QAUECBAgsE1ASrXNyVadCTiZ66zhlkuAQC8CDu+9dNo6xwIm30QQIECAQC0CUqpaOqXOUwWczJ3K7c0IECBwloDD+1nS3ieWgMmP1Q/VECBAgMC6gJTKdBBYEHAyZywIECDQpIDDe5NttaikgMlPEtmAAAECBIIISKmCNEIZsQSczMXqh2oIECCQScDhPROk3VQmYPIra5hyCRAg0LGAlKrj5lv6uoCTOdNBgACBJgUc3ptsq0UlBUx+ksgGBAgQIBBEQEoVpBHKiCXgZC5WP1RDgACBTAIO75kg7aYyAZNfWcOUS4AAgY4FpFQdN9/S1wWczJkOAgQINCng8N5kWy0qKWDyk0Q2IECAAIEgAlKqII1QRiwBJ3Ox+qEaAgQIZBJweM8EaTeVCZj8yhqmXAIECHQsIKXquPmWvi7gZM50ECBAoEkBh/cm22pRSQGTnySyAQECBAgEEZBSBWmEMmIJOJmL1Q/VECBAIJOAw3smSLupTMDkV9Yw5RIgQKBjASlVx8239HUBJ3OmgwABAk0KOLw32VaLSgqY/CSRDQgQIEAgiICUKkgjzijjv6+P33OUz79nvF/N7+FkrubuqZ0AAQKrAg7vhqNPAZPfZ9+tmgABAjUKSKlq7NrOmqVU2+GczG23siUBAgQqEnB4r6hZSs0oYPIzYtoVAQIECBwqIKU6lDfWzqVU2/vhZG67lS0JECBQkYDDe0XNUmpGAZOfEdOuCBAgQOBQASnVobyxdi6l2t4PJ3PbrWxJgACBigQc3itqllIzCpj8jJh2RYAAAQKHCkipDuWNtXMp1fZ+OJnbbmVLAgQIVCTg8F5Rs5SaUcDkZ8S0KwIECBA4VEBKdShvrJ1Lqbb3w8ncditbEiBAoCIBh/eKmqXUjAImPyOmXREgQIDAoQJSqnd5H9HPx9d/l509/v3Pz19c/wz+8s+f+xfsLW462f6+j9Eurqcak+/p+/v5OP+4vmha16gK3/GXaruTuZSQnxMgQKBKAYf3Ktum6LcFTP7bhHZAgAABAicJSKnehR6mQX+/PiYnAde8aJgf/f74lhI9fvRItBbipFlC9b2bR9S09A5f91oWgi4pVartTuZSQn5OgACBKgUc3qtsm6LfFjD5bxPaAQECBAicJCClehd6kFJ9TDOqyRnB4F9vydFiTDW5M285o7qnVGs/vr+blGpHj53M7UDzEgIECMQXcHiP3yMVHiFg8o9QtU8CBAgQOEJASvWu6uLNfOOLm+ZXTj0uhNpwY97i46Quf/mz2+H7L99iKKXa0WMnczvQvIQAAQLxBRze4/dIhUcImPwjVO2TAAECBI4QkFK9qzpIiQb30W3/21kGdf+LW7o0v1hqcHvg8huN0isp1Y4eO5nbgeYlBAgQiC/g8B6/Ryo8QsDkH6FqnwQIECBwhICU6l3VhYuhRhnR6Cnnj2usHonW2v19gyhq4blTf36fzb789lKqd9vqZO5dQa8nQIBASAGH95BtUdThAib/cGJvQIAAAQKZBKRU70K+nVL9ezxe/RJdza6kutW38Pip8Vf5Tb70b+GJV4u3Dr67/kZf72Su0cZaFgECvQs4vPc+Ab2u3+T32nnrJkCAQH0CUqp3e5YhpRrEVPdv5hvfPTj6Tr7xBVnD66yWv/XPHX/JHq8/5v7dnyTf2gYECBAgcKaAz+pnanuvOAImP04vVEKAAAECzwWkVO9OSI6UavQI9O/TiGEstfolfj/x0+LtgMNzESlV4nfg3SSqkde/+5vg9QQIEKhBwGf1GrqkxvwCJj+/qT0SIECAwDECUqp3XbOkVNOYanTt1EpK9Xhu1UJO9fH19+vj94RESiWlaiRIuy3j3V9arydAoGOBVj+rz2/qX32EQMfd73nprU5+zz21dgIECLQqIKV6t7N5UqrxJVGjkOpS4CyGmm4w3uQ7llqoy3OpFpvdWIJjOXEE3j24eD0BAgcItPpZffaf+OUHAhwgum2X93IG3w3zeOXzn257B1u99P/kcBEgQIAAgbACUqoorVn9sr6dBebe384y6nhZnFxDJQSKCNTxi6pKAjkEukmp1r+OJQfjq/u4x1Dz/802/J9xiz999b1sv+X/yVEiQIAAAQJhBaRUQVqz8JV871UmpXrLL9fHmCKJgzcl0LDAW7/YXkzg379ch/dolrEvlxZSlZ+XVie/vKwKCBAgQCC3gJQqt+iu/Q2uy8/1/xGlVLs6cXtRhydzDecalkagiMBbxyAvPkyg1cN75JTq+ROyPD/rsGEf7bjVyT9Hz7sQIECAwJkCUqoztafvNX8u+uLjGnaVKKXaxdZxSvWW14kvLhI3eFMCDQuc+Osb4q1a/aweOKUSUpn8EAKKIECAAIFaBKRUJTs1TanyZVSLT08vudTa3rvVjzG19aHuehvONSyNQBGBLEeEuIf36TnB4rXVs/+9dTtzmKdUj8u0b3ua/v+r4QPWF85AZu81qWhTwYOvd/FIqiwTvHcncSd/74q8jgABAgRaFZBSlezs8AQvZ0JVck2NvLeTuUYaaRnbBIokDt6UQByBbb8oB241v7b6B2cU7My+8He4yasp1d+vj5n/4N2WC3pssKngbzCPpDpwbl7ZtRObV7RsS4AAAQIlBaRUJfW9d1gBJ3NhW6OwzgXi5BoqaUyg5G/Wcvw0zqlWt/lNjl5LqdaaN9vZeMNbSrWl4B9Qd/uVHKzRezuxCdMKhRAgQIBAQkBKZUQILAg4mTMWBAi8KdBYiNP8ct5s9xsvX3yO5CR0Gl26NLzA6u/n3pRq+bqon79dfMjV5S+nPx1cBr78XCwh1RuDkfmlTmwyg9odAQIECBwmIKU6jNaOaxZwMldz99ROgMALAs3HTxsX+AJZ3k3X7p271f2dBM2fMTUt4sVrqcbPiHrs/id3evrlLpsK/invvunzZ2zl+nbjvI1pbW9ObFrrqPUQIECgXQEpVbu9tbI3BJzMvYHnpQQIEDhEYGPetGOzQ8rduNMtoc+Gr+19LaWaPAtzvv/Fe/rWIqyx+GPfHkm1cQZO2cyJzSnM3oQAAQIEMghIqTIg2kV7Ak7m2uupFREgQOAiEO7wviGBGl7btHbd0Vsp1fRaqp9JWcjPrgnUloK/Xy+kCvUbF27yQ+kohgABAgQiCUipInVDLWEEnMyFaYVCCBAgkFMg3uF9eNnS9Ea823VJa8+luj8rauFRUvO7BJe/WXjhbx+7/aEf72pLwZ6bnnNos+wr3uRnWZadECBAgECDAlKqBptqSe8LOJl739AeCBAgEFAg4OH9yT1/97vn1rfZ+/T0pRsjF0Ox4YbJe/7mBU9uLvwZiedPVQ84Ng2UFHDyG1C1BAIECBA4QkBKdYSqfVYv4GSu+hZaAAECBJYEQh7eVzOoYcSz+KioP392pVQfn58fs5hq+Vv/Bps9qkkW7G6/cL9+ISc/nJKCCBAgQCCCgJQqQhfUEE7AyVy4liiIAAECOQTiHt5nKdTSVUjTje7J0uvPpVq7i/BbeVbMwvOwnhQspMoxq3n3EXfy867T3ggQIECgfgEpVf09tIIDBJzMHYBqlwQIECgv0PPhffNzz99t0y2kWrzb756ALf/03ff2+hWBniffUBAgQIBAXQJSqrr6pdqTBJzMnQTtbQgQIHCuQM+H95NSqucPnfJIqnMH/v5uPU9+IXJvS4AAAQI7BaRUO+G8rG0BJ3Nt99fqCBDoVqDnw/s5KdX9br/Fa6We/7TbsTxh4T1P/gm83oIAAQIEMgpIqTJi2lU7Ak7m2umllRAgQGAg0PPh/ZyUyrjFFOh58mN2RFUECBAgsCYgpWpnNuZPTm1nbaevxMnc6eTekAABAmcI9Hx4l1KdMWFR36PnyY/aE3URIECAwLKAlKqdyZBSZeylk7mMmHZFgACBOAIO73F6oZIzBUz+mdreiwABAgTeEZBSvaMX67VSqoz9cDK3B3Pxf9OPvut84vpn4avNL2/85CXLL/gpdullvkJqTyO9hkDLAg7vLXfX2tYFTL7pIECAAIFaBKRUtXQqXaeUKm20eQsnc5upBhu+nlL9OE+jp6fB1p8/8+TpyQvEVHs66TUEGhZweG+4uZb2RMDkGw8CBAgQqEVASlVLp9J1SqnSRpu3cDK3mSpDSnXRHoVJiZRqEmvdvzBqeqHW979LqfZ00msINCzg8N5wcy1NSmUGCBAgQKABASlVA038XYKUKmMvfYzZg5m6lmp0zdQ0ihrESan9DKKnyV4mV2Vdfiql2tNJryHQsIDDe8PNtTQplRkgQIAAgQYEpFS5mji//GP9NqbrB+fb9vcP0fMrQjY+s+e2h9WUalras0f75OKofT8+xuzpYCpdmk/eaOrvP175GqrHxvcth68313t65jUEuhNweO+u5Rb8LWDyDQIBAgQI1CIgpcrQqWf3Jw0+OQ8/en993s4WfjKmtV1MLgRZvrfp9z0WU6q1HftE/7zxTub2/GK8nlL9+7eUMyX28/itGLzYRO/pmNcQ6FDA4b3DpluylMoMECBAgEBFAlKqt5v1/Kk4g+fiLAdGz1Oq4WN1Vt9oPaV6VptP9c9a72PMnl+MPSnVMKaaXxY4f9TUcG6FVHu65DUEOhdweO98ALpdvsnvtvUWToAAgeoEpFRvtmwYPQ0vfBp8fl786J16Ws7swqhRxjX+pL6WUiUyAzHVk947mdvzi7ErpRpM9paUavCFgAuv3FO11xAg0JWAw3tX7bbYu4DJNwwECBAgUIuAlOq9Tg0+J09Dn0dO9fvZO/GZeu26p9/9LjyTZ1L6NNhKfVFaKih7T6byVzuZ29PAU1Kqa2t+fimkVHua5DUEehdweO99Anpdv8nvtfPWTYAAgfoEpFTv9WzlMc/XnT5JqWb5UPrOvCdvdFuBlOq9Xo5e7WRuD+aulGrhtr3laZ9dtyil2tMkryHQu4DDe+8T0Ov6TX6vnbduAgQI1CcgpXqvZ/uupZqkVIuPPb9/dp9dNrJ2p956SuWqqZe77GTuZbLLC3akVIu3zK5lstNYauG+2j1lew0BAj0JOLz31G1rfQiYfNNAgAABArUISKne7NTKc6mW/nr1cqiFm/nm15esPZfq8vdrz6Va+va0n+X+/RRcPW+8k7kdvxjLme2TJHf83ZaP+HVrSjX6gsDBA6t21O4lBAj0IuDw3kunrXMsYPJNBAECBAjUIiClertTqe/4u3/23pBSzb/R7PYIntFDeCabrX7H35MnU0mppFRvj/51B/99fX0/I2o8oMPxWkupJtO5/JKVHd1/LZ7s5Lcmk56lz3ZCoB0Bn9Xb6aWVvCJg8l/Rsi0BAgQIlBSQUmXQ3xgGrT9aamEHn5+fv+cTgxv8VgKx1ZTqSbTls7uUKsPor0zY6KbUJ78ej1Pm8W2syZcMxje1rUnP0mc7IdCOgM/qu3s5fz7B/W8canernvZCk38atTciQIAAgTcFpFRvAt5fPkuQZqds6ynVZSezG/omz6V6lDl9o4VrtSZPrkqXlguhnf04mdvYy3lINB38VIz0Z/7hJvGSl759wEenjZ20GYFeBBzed3d6llKtP1hg93t44WECJv8wWjsmQIAAgcwCUqrMoHbXhoCTuY19HAdKS5HQk8gp/UUAs3tg116y5aqujUuyGQECTQs4vO9ur2updtNFeKHJj9AFNRAgQIDAFgEp1RYl23Qn4GSuu5ZbMAECfQg4vO/u8zyl2r0rLzxfwOSfb+4dCRAgQGCfgJRqn5tXNS7gZK7xBlseAQK9Cji87+68lGo3XYQXmvwIXVADAQIECGwRkFJtUbJNdwJO5rpruQUTINCHgMP77j5LqXbTRXihyY/QBTUQIECAwBYBKdUWJdt0J+BkrruWWzABAn0IBDy8T79cZfA4v8fT/mZfsvLdrsVNJz958q2oi4/6mz1N8LaDeUr1eHz6bU/TtQwfsL7w6MLZe00qmv58/dmEfUzvO6sMOPnvLMdrCRAgQKBhASlVw821tP0CTub223klAQIEAgsEPLwPk52/Xx+TCq/Zzuy7ev/8ueU1jx+NQqAnTzqf7H8U/Cy80WXz301eTanma3mUPU7YBiU9yln77g1J1b5fr4CTv28hXkWAAAECzQtIqZpvsQXuEXAyt0fNawgQIBBeIODhfZBSfUwzqtk3nd7/4hZKLcZUs0BpOX762dk88FoOsl5LqdYqn0Ve4w2TxQwKDj9soQoMOPmhfBRDgAABAnEEpFRxeqGSQAJO5gI1QykECBDIJxDw8L54M984VlrKbtZusrtYTfOk6X1435yTjZZvKbxs9/dz17VUozRpuPOfvS0+5Oryl9OfLt6v6HKqHb8QASd/xyq8hAABAgR6EJBS9dBla3xZwMncy2ReQIAAgRoEAh7eBxHOIH7Z/rezwOf+F78Rz9q9czeL783mz5iatvPFa6nGUdL0kq95TU+enzW9LmvhCVc1zF7ZGgNOflkQ706AAAECYQWkVGFbo7CSAk7mSup7bwIECBwmEPDwvnil0/DB6MO8ZylMWrsqav7Y8+Xb8K7bLRcxasNrKdUkSZrvf/EmxJ9XbYrVDhuRRncccPIblbYsAgQIEHhXQEr1rqDXNyngZK7JtloUAQIEAh7e306pBhdCXQKt6ZVUw9Bn/SKk5Uu38qVUy095X4ijNkZmJvlVgYCT/+oSbE+AAAECnQhIqTpptGW+JuBk7jUvWxMgQKASgYCH9wwp1eN+vc+v27cEDq7AGl62NL0Rb/GCq/GdhzufS/WIxIZh1OMuxJVvF7z+9ZaCKxm4MGUGnPwwNgohQIAAgVgCUqpY/VBNEAEnc0EaoQwCBAjkFQh4eM+RUs1vkhtlQE9uobtnSevb7EypFm8vTN6FmLznz0Op9v1GBJz8fQvxKgIECBBoXkBK1XyLLXCPgJO5PWpeQ4AAgfACAQ/vWVKqaUw1/Rq81QxqGPosPirqz59dKdXH5+fHLKd6VLVSz/L1V6P9SKn2/ZIFnPx9C/EqAgQIEGheQErVfIstcI+Ak7k9al5DgACB8AIBD+95Uqpnt8ndujJLoZYSn+lG92Tp9aenj6KoaW42K2a6waXqTQWHn7kYBQac/BgwqiBAgACBcAJSqnAtUVAEASdzEbqgBgIECGQXaPjwvuFr+rJzTncYoYbDF1nnGzQ8+XU2RNUECBAgsCogpTIcBKYCy9/UXdXfaioBAgQILAq0+1l9+Vv0Th4DKdXJ4Nvfrt3J325gSwIECBCoQ0BKVUefVHmaQFVhlGIjCpw2q96IAIEdAq1+Vh/cG7dw59wOqH0vkVLtczvhVa1O/gl03oIAAQIEThaQUp0M7u2iC0SMPdREgMAGgegHF/XFEGjss/r8IeRlHy4upYox5gtVNDb5YZ0VRoAAAQLvC0ip3je0h6YENnwWtgkBAgQIjAQq+s9AY5/VpylV2Yzq3+CbBktXUtFMnlNqY5N/Dpp3IUCAAIEiAlKqIuzeNLSAT58ECBAg0JtA6P8srRc3TKnkQpU28ZyypVTnOHsXAgQIEHhfQEr1vqE9NChQ+8lcbx8vrZcAAQLvCzT4HzNLInATqP3ERicJECBAoB8BKVU/vbbSFwSczL2AZdOxwPsfle2BAIEiAg5mBBoWcGLTcHMtjQABAo0JSKkaa6jl5BFwMpfH0V4InChQJNfwpi0JnDit3orA2QJObM4W934ECBAgsFdASrVXzuuaFnAy13R7LY4AgcwCDWRVmUXsjkAwASc2wRqiHAIECBBYFZBSGQ4CCwJO5owFAQIEmhRweG+yrRaVFDD5SSIbECBAgEAQASlVkEYoI5aAk7lY/VANAQIEMgk4vGeCtJvKBEx+ZQ1TLgECBDoWkFJ13HxLXxdwMmc6CBAg0KSAw3uTbbWopIDJTxLZgAABAgSCCEipgjRCGbEEnMzF6odqCBAgkEnA4T0TpN1UJmDyK2uYcgkQINCxgJSq4+Zb+rqAkznTQYAAgSYFHN6bbKtFJQVMfpLIBgQIECAQREBKFaQRyogl4GQuVj9UQ4AAgUwCDu+ZIO2mMgGTX1nDlEuAAIGOBaRUHTff0tcFnMyZDgIECDQp4PDeZFstKilg8pNENiBAgACBIAJSqiCNUEYsASdzsfqhGgIECGQScHjPBGk3lQmY/MoaplwCBAh0LCCl6rj5lr4u4GTOdBAgQKBJAYf3JttqUUkBk58ksgEBAgQIBBGQUgVphDJiCTiZi9UP1RAgQCCTgMN7Jki7qUzA5FfWMOUSIECgYwEpVcfNt/R1ASdzpoMAAQJNCji8N9lWi0oKmPwkkQ0IECBAIIiAlCpII5QRS8DJXKx+qIYAAQKZBBzeM0HaTWUCJr+yhimXAAECHQtIqTpuvqWvCziZMx0ECBBoUsDhvcm2WlRSwOQniWxAgAABAkEEpFRBGqGMWAJO5mL1QzUECBDIJODwngnSbioTMPmVNUy5BAgQ6FhAStVx8y19XcDJnOkgQIBAkwIO70221aKSAiY/SWQDAgQIEAgiIKUK0ghlxBJwMherH6ohQIBAJgGH90yQdlOZgMmvrGHKJUCAQMcCUqqOm2/p6wJO5kwHAQIEmhRweG+yrRaVFDD5SSIbECBAgEAQASlVkEYoI5aAk7lY/VANAQIEMgk4vGeCtJvKBEx+ZQ1TLgECBDoWkFJ13HxLXxdwMmc6CBAg0KSAw3uTbbWopIDJTxLZgAABAgSCCEipgjRCGbEEnMzF6odqCBAgkEnA4T0TpN1UJmDyK2uYcgkQINCxgJSq4+Zb+rqAkznTQYAAgSYFHN6bbKtFJQVMfpLIBgQIECAQREBKFaQRyogl4GQuVj9UQ4AAgUwCDu+ZIO2mMgGTX1nDlEuAAIGOBaRUHTff0tcFnMyZDgIECDQp4PDeZFstKilg8pNENiBAgACBIAJSqiCNUEYsASdzsfqhGgIECGQScHjPBGk3lQmY/MoaplwCBAh0LCCl6rj5lr4u4GTOdBAgQKBJAYf3JttqUUkBk58ksgEBAgQIBBGQUgVphDJiCTiZi9UP1RAgQCCTgMN7Jki7qUzA5FfWMOUSIECgYwEpVcfNt/R1ASdzpoMAAQJNCji8N9lWi0oKmPwkkQ0IECBAIIiAlCpII5QRS8DJXKx+qIYAAQKZBBzeM0HaTWUCJr+yhimXAAECHQtIqTpuvqWvCziZMx0ECBBoUsDhvcm2WlRSwOQniWxAgAABAkEEpFRBGqGMWAJO5mL1QzUECBDIJODwngnSbioTMPmVNUy5BAgQ6FhAStVx8y19XcDJnOkgQIBAkwIO70221aKSAiY/SWQDAgQIEAgiIKUK0ghlxBJwMherH6ohQIBAJgGH90yQdlOZgMmvrGHKJUCAQMcCUqqOm2/p6wJO5kwHAQIEmhRweG+yrRaVFDD5SSIbECBAgEAQASlVkEYoI5aAk7lY/VANAQIEMgk4vGeCtJvKBEx+ZQ1TLgECBDoWkFJ13HxLXxdwMmc6CBAg0KSAw3uTbbWopIDJTxLZgAABAgSCCEipgjRCGbEEnMzF6odqCBAgkEnA4T0TpN1UJmDyK2uYcgkQINCxgJSq4+Zb+rqAkznTQYAAgSYFHN6bbKtFJQVMfpLIBgQIECAQREBKFaQRyogl4GQuVj9UQ4AAgUwCDu+ZIO2mMgGTX1nDlEuAAIGOBaRUHTff0tcFnMyZDgIECDQp4PDeZFstKilg8pNENiBAgACBIAJSqiCNUEYsASdzsfqhGgIECGQScHjPBGk3lQmY/MoaplwCBAh0LCCl6rj5lr4u4GTOdBAgQKBJAYf3JttqUUkBk58ksgEBAgQIBBGQUgVphDJiCTiZi9UP1RAgQCCTgMN7Jki7qUzA5FfWMOUSIECgYwEpVcfNt/R1ASdzpoMAAQJNCji8N9lWi0oKmPwkkQ0IECBAIIiAlCpII5QRS8DJXKx+qIYAAQKZBBzeM0HaTWUCJr+yhimXAAECHQtIqTpuvqWvCziZMx0ECBBoUsDhvcm2WlRSwOQniWxAgAABAkEEpFRBGqGMWAJO5mL1QzUECBDIJODwngnSbioTMPmVNUy5BAgQ6FhAStVx8y19XcDJnOkgQIBAkwIO70221aKSAiY/SWQDAgQIEAgiIKUK0ghlxBJwMherH6ohQIBAJgGH90yQdlOZgMmvrGHKJUCAQMcCUqqOm2/p6wJO5kwHAQIEmhRweG+yrRaVFDD5SSIbECBAgEAQASlVkEYoI5aAk7lY/VANAQIEMgk4vGeCtJvKBEx+ZQ1TLgECBDoWkFJ13HxLXxdwMmc6CBAg0KSAw3uTbbWopIDJTxLZgAABAgSCCEipgjRCGbEEnMzF6odqCBAgkEnA4T0TpN1UJmDyK2uYcgkQINCxgJSq4+Zb+rqAkznTQYAAgSYFHN6bbKtFJQVMfpLIBgQIECAQREBKFaQRyogl4GQuVj9UQ4AAgUwCDu+ZIO2mMgGTX1nDlEuAAIGOBaRUHTff0tcFnMyZDgIECDQp4PDeZFstKilg8pNENiBAgACBIAJSqiCNUEYsASdzsfqhGgIECGQScHjPBGk3lQmY/MoaplwCBAh0LCCl6rj5lr4u4GTOdBAgQKBJAYf3JttqUUkBk58ksgEBAgQIBBGQUgVphDJiCTiZi9UP1RAgQCCTgMN7Jki7qUzA5FfWMOUSIECgYwEpVcfNt/R1ASdzpoMAAQJNCji8N9lWi0oKmPwkkQ0IECBAIIiAlCpII5QRS8DJXKx+qIYAAQKZBBzeM0HaTWUCJr+yhimXAAECHQtIqTpuvqWvCziZMx0ECBBoUsDhvcm2WlRSwOQniWxAgAABAkEEpFRBGqGMWAJO5mL1QzUECBDIJODwngnSbioTMPmVNUy5BAgQ6FhAStVx8y19XcDJnOkgQIBAkwIO70221aKSAiY/SWQDAgQIEAgiIKUK0ghlxBJwMherH6ohQIBAJgGH90yQdlOZgMmvrGHKJUCAQMcCUqqOm2/p6wJO5kwHAQIEmhRweG+yrRaVFDD5SSIbECBAgEAQASlVkEYoI5aAk7lY/VANAQIEMgk4vGeCtJvKBEx+ZQ1TLgECBDoWkFJ13HxLXxdwMmc6CBAg0KSAw3uTbbWopIDJTxLZgAABAgSCCEipgjRCGbEEnMzF6odqCBAgkEnA4T0TpN1UJmDyK2uYcgkQINCxgJSq4+Zb+rqAkznTQYAAgSYFHN6bbKtFJQVMfpLIBgQIECAQREBKFaQRyogl4GQuVj9UQ4AAgUwCDu+ZIO2mMgGTX1nDlEuAAIGOBaRUHTff0tcFnMyZDgIECDQp4PDeZFstKilg8pNENiBAgACBIAJSqiCNUEYsASdzsfqhGgIECGQScHjPBGk3lQmY/MoaplwCBAh0LCCl6rj5lr4u4GTOdBAgQKBJAYf3JttqUUkBk58ksgEBAgQIBBGQUgVphDJiCTiZi9UP1RAgQCCTgMN7Jki7qUzA5FfWMOUSIECgYwEpVcfNt/R1ASdzpoMAAQJNCji8N9lWi0oKmPwkkQ0IECBAIIiAlCpII5QRS8DJXKx+qIYAAQKZBBzeM0HaTWUCJr+yhimXAAECHQtIqTpuvqWvCziZMx0ECBBoUsDhvcm2WlRSwOQniWxAgAABAkEEpFRBGqGMWAJO5mL1QzUECBDIJODwngnSbioTMPmVNUy5BAgQ6FhAStVx8y19XcDJnOkgQIBAkwIO70221aKSAiY/SWQDAgQIEAgiIKUK0ghlxBJwMherH6ohQIBAJgGH90yQdlOZgMmvrGHKJUCAQMcCUqqOm2/p6wJO5kwHAQIEmhRweG+yrRaVFDD5SSIbECBAgEAQASlVkEYoI5aAk7lY/VANAQIEMgk4vGeCtJvKBEx+ZQ1TLgECBDoWkFJ13HxLXxdwMmc6CBAg0KSAw3uTbbWopIDJTxLZgAABAgSCCEipgjRCGbEEnMzF6odqCBAgkEnA4T0TpN1UJmDyK2uYcgkQINCxgJSq4+Zb+rqAkznTQYAAgSYFHN6bbKtFJQVMfpLIBgQIECAQREBKFaQRyogl4GQuVj9UQ4AAgUwCDu+ZIO2mMgGTX1nDlEuAAIGOBaRUHTff0tcFnMyZDgIECDQp4PDeZFstKilg8pNENiBAgACBIAJSqiCNUEYsASdzsfqhGgIECGQScHjPBGk3lQmY/MoaplwCBAh0LCCl6rj5lr4u4GTOdBAgQKBJAYf3JttqUUkBk58ksgEBAgQIBBGQUgVphDJiCTiZi9UP1RAgQCCTgMN7Jki7qUzA5FfWMOUSIECgYwEpVcfNt/R1ASdzpoMAAQJNCji8N9lWi0oKmPwkkQ0IECBAIIiAlCpII5QRS8DJXKx+qIYAAQKZBBzeM0HaTWUCJr+yhimXAAECHQtIqTpuvqWvCziZMx0ECBBoUsDhvcm2WlRSwOQniWxAgAABAkEEpFRBGqGMWAJO5mL1QzUECBDIJODwngnSbioTMPmVNUy5BAgQ6FhAStVx8y19XcDJnOkgQIBAkwIO70221aKSAiY/SWQDAgQIEAgiIKUK0ghlxBJwMherH6ohQIBAJgGH90yQdlOZgMmvrGHKJUCAQMcCUqqOm2/p6wJO5kwHAQIEmhRweG+yrRaVFDD5SSIbECBAgEAQASlVkEYoI5aAk7lY/VANAQIEMgk4vGeCtJvKBEx+ZQ1TLgECBDoWkFJ13HxLXxdwMmc6CBAg0KSAw3uTbbWopIDJTxLZgAABAgSCCEipgjRCGbEEnMzF6odqCBAgkEnA4T0TpN1UJmDyK2uYcgkQINCxgJSq4+Zb+rqAkznTQYAAgSYFHN6bbKtFJQVMfpLIBgQIECAQREBKFaQRyogl4GQuVj9UQ4AAgUwCDu+ZIO2mMgGTX1nDlEuAAIGOBaRUHTff0tcFnMyZDgIECDQp4PDeZFstKilg8pNENiBAgACBIAJSqiCNUEYsASdzsfqhGgIECGQScHjPBGk3lQmY/MoaplwCBAh0LCCl6rj5lr4u4GTOdBAgQKBJAYf3JttqUUkBk58ksgEBAgQIBBGQUgVphDJiCTiZi9UP1RAgQCCTgMN7Jki7qUzA5FfWMOUSIECgYwEpVcfNt/R1ASdzpoMAAQJNCji8N9lWi0oKmPwkkQ0IECBAIIiAlCpII5QRS8DJXKx+qIYAAQKZBBzeM0HaTWUCJr+yhimXAAECHQtIqTpuvqWvCziZMx0ECBBoUmByePevBPoUaPK326IIECBAoA0BKVUbfbSKzAJSqsygdkeAAIEYAn1GElZNwIlNjCOQKggQIEAgLSClShvZokMBJ3MdNt2SCRDoQUBaQYDARaCHX3ZrJECAAIFKBVr7r5RwodJBjFa2QYrWEfUQIEAgi4CEggABKVWWg4mdECBAgMBBAlKqg2Dttm4BKVXd/VM9AQIEVgQkFAQISKkcIAkQIEAgsoCUKnJ31FZMQEpVjN4bEyBAgAABAgQIECBAgECvAlKqXjtv3U8FpFQGhAABAgQIECBAgAABAgQInCwgpToZ3NvVISClqqNPqiRAgAABAgQIECBAgACBhgSkVA0101LyCUip8lnaEwECBAgQIECAAAECBAgQ2CQgpdrEZKPeBKRUvXXcegkQIECAAAECBAgQIECguEDjKZWvcSGQRaD4L6oCCBAgQIAAAQIECBAgQIBA8wJSqiwhhp00LtD8gcACCRAgQIAAAQIECBAgQIBAcQEpVePxiuVlESj+i6oAAgQIECBAgAABAgQIECDQvICUKkuIYSeNCzR/ILBAAgQIECBAgAABAgQIECBQXEBK1Xi8YnlZBIr/oiqAAAECBAgQIECAAAECBAg0L9BaStV8wyyQAAECBAgQIECAAAECBAgQINCkgJSqybZaFAECBAgQIECAAAECBAgQIECgMgEpVWUNUy4BAgQIECBAgAABAgQIECBAoEkBKVWTbbUoAgQIECBAgAABAgQIECBAgEBlAlKqyhqmXAIECBAgQIAAAQIECBAgQIBAkwJSqibbalEECBAgQIAAAQIECBAgQIAAgcoEpFSVNUy5BAgQIECAAAECBAgQIECAAIEmBaRUTbbVoggQIECAAAECBAgQIECAAAEClQlIqSprmHIJECBAgAABAgQIECBAgAABAk0KSKmabKtFESBAgAABAgQIECBAgAABAgQqE5BSVdYw5RIgQIAAAQIECBAgQIAAAQIEmhSQUjXZVosiQIAAAQIECBAgQIAAAQIECFQmIKWqrGHKJUCAAAECBAgQIECAAAECBAg0KSClarKtFkWAAAECBAgQIECAAAECBAgQqExASlVZw5RLgAABAgQIECBAgAABAgQIEGhSQErVZFstigABAgQIECBAgAABAgQIECBQmYCUqrKGKZcAAQIECBAgQIAAAQIECBAg0KSAlKrJtloUAQIECBAgQIAAAQIECBAgQKAyASlVZQ1TLgECKwL/fX38+fj673Wfv59/rn/mr73u8fvP59+Fvd5+uvjD16v4fsX9HVfec+duQ77sl30B/ucnT3p5e2mCfqC53MKQLooiQIAAAQIECBAg0LOAlKrn7ls7gXtS8JPGbPlzSwZ2vPS2+9suhinChrdejy2GtWwOjS4v+tnjKKW61HR7n3t5y288Sak2eSRTtFNiqsTCzvm1SIVUz3KqaUq1wT4pf86qvQsBAgQIECBAgAABAk8FpFQGhEDPAhs+3k/jo4gp1egipE2XzdyCmmt4MUiphn99+/u1i3reSqleDOjuTcgRtoS4xGg9KbvP5HreOE2p1jVzePV8gLB2AgQIECBAgAABAicLSKlOBvd2BOILjKKaF8qd3DmXviPuxagmkTgMErct11M9ko573X9Hd/il0pLllGqlyOldhS8uPWtKdb96bN8Nki9MxNKm6yv/6dpqcDpo6tM7/tJz9+YKvJwAAQIECBAgQIAAgcMEpFSH0doxgegCOy6kevKYpsmdc4/Lm9Yjo213nm3b6or92u1y162/axsmSNd/TqYlC0HLx9fX2tOtvscgVkpVcjKfp1RP0rtrW5Z+PJ0vKVXJ9npvAgQIECBAgAABAu8JSKne8/NqAhULvJtS7Xz9I1V48YKiDXdvPfb4fOPEO19evL64z7/PUqrnz9e6V3XfxShj2R7I1Tt2T1OqZyO1NaWaBoL1UqmcAAECBAgQIECAQH8CUqr+em7FBH4Ffj/Oz651Wr/jb/yK01Oqj8tX7iWiqo2XUyVTqt8ro5Yyp+NSqh5CqsflULNn6H9+3e64HD5abJTnLV5L9flzFVvqz4aQ06GBAAECBAgQIECAAIHCAlKqwg3w9gTKCdwyp0c4cP2g/whhplcU3e9q+80XVr5pbfoVedPHre++luoeQ2y4h/C6bTqWGIUew83nX0A3v0In+VyqZ09PemQvY/1E1LLlgVvpgXrEi8P9zUPHxU6NS1i4eO3Zfi61za4imydPo8YtXHU2+auNaWl6HNJytiBAgAABAgQIECBA4FgBKdWxvvZOoEKB9WupxovJl1JtChCWb5IblTTNK56EOvNo4+N6qdZ3tjXITdYit0HcMs7sBkupKaVau7hsuv7vGPNhPgupUvt5llLdHhK2koPd//rxHquXAd7CvjypXoW/w0omQIAAAQIECBAgUKmAlKrSximbQC6BebIzSKmexj4br2GZXh608F1tqZu1Rj9fjbQWEpKVlGJQ+dNHUD0uyFp42NHkQqwn9wiOyv8paRq53Ss6I1dZuJZq/RbIG/fSBVjzK6nS+1m/lup36dcNBgqzzHT0FmOuW40fX/eva9wUgOb6XbIfAgQIECBAgAABAgTeFJBSvQno5QT6FXg/pVr8zrZEZLUaOzzK+fj8/L4s6ucGxqUG3UOnQbb0s+PrT36vqhrsYHxZ1MLC73dDJgO3pZRq+kCqR9pyLSn7n+U7/sZvM79gaX4X5JOLmu47m22znmNdZBZuIJymVLPXzy/3ul2U9XQEsqvaIQECBAgQIECAAAEC7wtIqd43tAcCVQqspwXJoGXliU/TrGUby0t1rF8ZM9jNNaQYRFbf4dP0z9/P712tXsL09/Pz7+8PL7ubpEbPUqqX7/gbFju9bumgC4G2PpdqkvNNY6qVkGotvBxcKrU8YdeU6tKX2w9/F5+2vyaRCzdpDmZgyzPKtk2rrQgQIECAAAECBAgQOFRASnUor50TiCvwUjo0iRVSt8mlcq4Xbmvb8DSqi/E8pFiKLe7NSKz9Nx+5X8Xz88CqR9Qxfvn44qiF+xmXVjtc1vZOvOD2bPDmKdWzy+IebzqJqRYivg37eXot1bXqwT6GeeN3UyYvvn4r4ODuvtm1c+NyDsr84v6Kq4wAAQIECBAgQIBAfQJSqvp6pmIChwo8riB6+jY7b/e7XZ7z5svHpQ139shUnuRU21KqaSYySTluOxmlVM/v/HvsYXiFUPGUavGiqKXLzEYx1fy2xE37mcWO8xxylKKN3mYyNuOLqH6z0YUHvg8jxkN/eeycAAECBAgQIECAAIH3BKRU7/l5NYG6BbYHJJP7sEbLnj+x6Pbj1ScXZUypljOqawWDnyxcR3P76S3XWrpqa33fj+t6fl7/u+XGlCpxc+Q8AMo6ZtNrqRbuAJxc0DTr5/1+yOHdn5v2syGl+o4Hb20ZWXy/+GE8CAg//45Tw0d/fi62ynQZWtY+2BkBAgQIECBAgAABAlMBKZWZINCzQIaUamEXP5HQ03vucqVUo/3Mk4hNCdb3rXxLlw49f7zVKBW5h1S3HY1jscePf6Zt+d3uk7gzpUrsdbb727PlnzdjpPqI135vgxyuc9N+tqRUw1/JscXl3wbPCRuVtpY6utGv5yOctRMgQIAAAQIECNQmIKWqrWPqJZBTYHL9yThMefZv9yL++/t3EklNH0qVuoplFHPNIoWlK5xubz5ORZ5+m9/0C//+u/y5Xpczf+DWY2XTn0/eYGg3+OdpIDVMpaZPR/9zfbBS6iFeo58/i1yeUY2GZnbN0wLF5+flyw4XviVx+mSo0VcobtnPeynVz7hNA6lh8HcXur2RlCrnEcO+CBAgQIAAAQIECBwrIKU61tfeCcQWeD+luq0vfVXW87TgGjxMvtVtHN+sZESThxEtcI+zrMVrnCZB0eN2tlmCNKhiYDdkTKdUD6rJk7835FXPEJeym8XxW7gzb/wMrtG3JD6DnyeDozlY2s/6oDx9yvzolr35ShduoZRSxT72qI4AAQIECBAgQIDAkoCUylwQ6FngnZTqaS619I1s4y/KW2df3PHTdClxudZ4h69+QeHjiUe3L/ob7++RaX2X8ey2t59F3LdYjZx23fG3OaQalJi6zu2A341kSrUMOLKaLHWwy4UU0bVUB3TRLgkQIECAAAECBAgcJCClOgjWbglUIbAlpRpf4TP4zL+cNywEH8PcYUtmMNvx0ou2PoTppw/rucb9Eq7LVtc3Hn9v3PTR6rNHbl0uALs+nPv6Z/QY9cXrosZfP7ceEe1JqSatfDZ+S9dSnTauyZRqMedbDim/BZczquHT06/RoD8ECBAgQIAAAQIECNQgIKWqoUtqJHCUwKZoYxADrF3RtCV7+k4fsl688/Mo7Y1/LquYJWxPc6LZmv5+3v9qlvM8fpa+4+9a8H9fn9/XVS3/2ZFSberk97uttnMj5JubpZ9LNcuxZm2aXTb2Gy+OSnPH35ud8nICBAgQIECAAAECBQSkVAXQvSUBAgTOF5jdSrcpWzy/Tu9IgAABAgQIECBAgEC3AlKqbltv4QQI9CUwSalkVH2132oJECBAgAABAgQI1CAgpaqhS2okQIDA2wLDlGr7nZJvv60dECBAgAABAgQIECBAYKuAlGqrlO0IECBAgAABAgQIECBAgAABAgSOE5BSHWdrzwQIECBAgAABAgQIECBAgAABAlsFpFRbpWxHgAABAgQIECBAgAABAgQIECBwnICU6jhbeyZAgAABAgQIECBAgAABAgQIENgqIKXaKmU7AgQIECBAgAABAgQIECBAgACB4wSkVMfZ2jMBAgQIECBAgAABAgQIECBAgMBWASnVVinbESBAgAABAgQIECBAgAABAgQIHCcgpTrO1p4JECBAgAABAgQIECBAgAABAgS2CkiptkrZjgABAgQIECBAgAABAgQIECBA4DgBKdVxtvZMgAABAgQIECBAgAABAgQIECCwVUBKtVXKdgQIECBAgAABAgQIECBAgAABAscJSKmOs7VnAgQIECBAgAABAgQIECBAgACBrQJSqq1StiPQqMDfzz9/Pv9GX9y1yp8/8WuNbqk+AgQIECBAgAABAgQIBBWQUgVtjLIInCLw39fHLf358/H1379/jzTo/veDf/je5Mmf++5SG766uHtZuXf8aiG2J0CAAAECBAgQIECAAIHDBKRUh9HaMYE6BAa51OUypbdSqmHmlfOSp+F+l8Kz8d/lfOc6WqhKAgQIECBAgAABAgQItCEgpWqjj1ZBYIfANfz5vTbpEk5Nwp3fuOrx82sU9PFxf8Xy+91CrqyXPD1PzmaxlZRqxyx4CQECBAgQIECAAAECBAIISKkCNEEJBIoIDMKfR6h0+cvvf7ldvvQT+YwuZsqaQKVX/tqFVB5clRa1BQECBAgQIECAAAECBIIKSKmCNkZZBI4W+O+/v4+HUv0kT/dA6PPr90e/idTtB9drqU7OgTY/Nv2+oWupjh4d+ydAgAABAgQIECBAgMAxAlKqY1ztlUAtApcA6hJF/f38+Pr6/Rq9y7/eU6nfp6Xfr6z6/NnmtCDokVElr+CSUtUycuokQIAAAQIECBAgQIDAioCUymgQ6F5g8Aiqv5+XAGr+TX2P+/9+t12JqZYvfJo/V2r88sc9fdcoapCQbXog1S2+OuSRWN3PBgACBAgQIECAAAECBAicKCClOhHbWxEIKDB9OtX4K/9+Ch5eWnV7cNXiUhZSqrXHSg2ujRqmVLcLui5Pav/6f487Ep98s5+UKuBUKYkAAQIECBAgQIAAAQJ7BKRUe9S8hkAjAuOIahwoff6dXcq0/a67xz2B6w8/v+9teZPBjYe/GdXoCqzZBV+upWpkKC2DAAECBAgQIECAAIF+BaRU/fbeyrsXWL7TbvDgqUlMlX4a1ZZHnT/e9ba/J98geL0D8fFM9+/vG/z9M02p5rcpdt9fAAQIECBAgAABAgQIEKhMQEpVWcOUSyCvwM/D0+/7vMZMjzBqGB8lr6O67mPrc6l+Lo5aSKmW3kVKlbfl9kaAAAECBAgQIECAAIGoAlKqqJ1RF4FiAtNv+NteyDylevYA9HlKtRiFrd8zuPi0qvQVX9vXY0sCBAgQIECAAAECBAgQOFFASnUitrciEEpg0zfoLT+2fO3CqmlKNb+77yJw3+iIlOrj4+P64PXH1WGhyBVDgAABAgQIECBAgAABAk8EpFTGg0CvAiekVAt3AC58h+D4+Vizdizf8fe92fQyq8dDrARVvY61dRMgQIAAAQIECBAgULGAlKri5imdQGaBldxq+z1001TqeRD26rVUW+q4veOWbTPr2R0BAgQIECBAgAABAgQIvCcgpXrPz6sJtCEwvCjp8+vrctfc5c/H5+fPP3z/y5a76GbXTi08U+rz8/KE9pWnpyeeS5Wu4VZAess2+mYVBAgQIECAAAECBAgQaElAStVSN62FwMsCkxjpO90ZPT19ejnU0/xn6Tv+Ru9wvcTp1edSDb45cPkpWfO/FVK9PAheQIAAAQIECBAgQIAAgfICUqryPVABgSICs7vx7tHO7Dv+1jedVL6UUmVY3KtP0BJSZUC3CwIECBAgQIAAAQIECJwuIKU6ndwbEogisPAg8+/SZinV8C+vFy6tPvTpoJRqUFPyaioJVZTxUgcBAgQIECBAgAABAgReFZBSvSpmewLtCFxDpYXEaTGl+ln194/WQqrBvX2yonamxEoIECBAgAABAgQIECBwloCU6ixp70OgXYHNdwS2S2BlBAgQIECAAAECBAgQIPC2gJTqbUI7INC9wCSlciFV9xMBgAABAgQIECBAgAABAnsEpFR71LyGAIGhwDClWn1mFTICBAgQIECAAAECBAgQIPBUQEplQAgQIECAAAECBAgQIECAAAECBMoLSKnK90AFBAgQIECAAAECBAgQIECAAAECUiozQIAAAQIECBAgQIAAAQIECBAgUF5ASlW+ByogQIAAAQIECBAgQIAAAQIECBCQUpkBAgQIECBAgAABAgQIECBAgACB8gJSqvI9UAEBAgQIECBAgAABAgQIECBAgICUygwQIECAAAECBAgQIECAAAECBAiUF5BSle+BCggQIECAAAECBAgQIECAAAECBKRUZoAAAQIECBAgQIAAAQIECBAgQKC8gJSqfA9UQIAAAQIECBAgQIAAAQIECBAgIKUyAwQIECBAgAABAgQIECBAgAABAuUFpFTle6ACAgQIECBAgAABAgQIECBAgAABKZUZIECAAAECBAgQIECAAAECBAgQKC8gpSrfAxUQIECAAAECBAgQIECAAAECBAhIqcwAAQIECBAgQIAAAQIECBAgQIBAeQEpVfkeqIAAAQIECBAgQIAAAQIECBAgQEBKZQYIECBAgAABAgQIECBAgAABAgTKC0ipyvdABQQIECBAgAABAgQIECBAgAABAlIqM0CAAAECBAgQIECAAAECBAgQIFBeQEpVvgcqIECAAAECBAgQIECAAAECBAgQkFKZAQIECBAgQIAAAQIECBAgQIAAgfICUqryPVABAQIECBAgQIAAAQIECBAgQICAlMoMECBAgAABAgQIECBAgAABAgQIlBeQUpXvgQoIECBAgAABAgQIECBAgAABAgSkVGaAAAECBAgQIECAAAECBAgQIECgvICUqnwPVECAAAECBAgQIECAAAECBAgQICClMgMECBAgQIAAAQIECBAgQIAAAQLlBaRU5XugAgIECBAgQIAAAQIECBAgQIAAASmVGSBAgAABAgQIECBAgAABAgQIECgvIKUq3wMVECBAgAABAgQIECBAgAABAgQISKnMAAECBAgQIECAAAECBAgQIECAQHkBKVX5HqiAAAECBAgQIECAAAECBAgQIEBASmUGCBAgQIAAAQIECBAgQIAAAQIEygtIqcr3QAUECBAgQIAAAQIECBAgQIAAAQJSKjNAgAABAgQIECBAgAABAgQIECBQXkBKVb4HKiBAgAABAgQIECBAgAABAgQIEJBSmQECBAgQIECAAAECBAgQIECAAIHyAlKq8j1QAQECBAgQIECAAAECBAgQIECAgJTKDBAgQIAAAQIECBAgQIAAAQIECJQXkFKV74EKCBAgQIAAAQIECBAgQIAAAQIEpFRmgAABAgQIECBAgAABAgQIECBAoLyAlKp8D1RAgAABAgQIECBAgAABAgQIECAgpTIDBAgQIECAAAECBAgQIECAAAEC5QWkVOV7oAICBAgQIECAAAECBAgQIECAAAEplRkgQIAAAQIECBAgQIAAAQIECBAoLyClKt8DFRAgQIAAAQIECBAgQIAAAQIECEipzAABAgQIECBAgAABAgQIECBAgEB5ASlV+R6ogAABAgQIECBAgAABAgQIECBAQEplBggQIECAAAECBAgQIECAAAECBMoLSKnK90AFBAgQIECAAAECBAgQIECAAAECUiozQIAAAQIECBAgQIAAAQIECBAgUF5ASlW+ByogQIAAAQIECBAgQIAAAQIECBCQUpkBAgQIECBAgAABAgQIECBAgACB8gJSqvI9UAEBAgQIECBAgAABAgQIECBAgICUygwQIECAAAECBAgQIECAAAECBAiUF5BSle+BCggQIECAAAECBAgQIECAAAECBKRUZoAAAQIECBAgQIAAAQIECBAgQKC8gJSqfA9UQIAAAQIECBAgQIAAAQIECBAgIKUyAwQIECBAgAABAgQIECBAgAABAuUFpFTle6ACAgQIECBAgAABAgQIECBAgAABKZUZIECAAAECBAgQIECAAAECBAgQKC8gpSrfAxUQIECAAAECBAgQIECAAAECBAhIqcwAAQIECBAgQIAAAQIECBAgQIBAeQEpVfkeqIAAAQIECBAgQIAAAQIECBAgQEBKZQYIECBAgAABAgQIECBAgAABAgTKC0ipyvdABQQIECBAgAABAgQIECBAgAABAlIqM0CAAAECBAgQIECAAAECBAgQIFBeQEpVvgcqIECAAAECBAgQIECAAAECBAgQkFKZAQIECBAgQIAAAQIECBAgQIAAgfICUqryPVABAQIECBAgQIAAAQIECBAgQICAlMoMECBAgAABAgQIECBAgAABAgQIlBeQUpXvgQoIECBAgAABAgQIECBAgAABAgSkVGaAAAECBAgQIECAAAECBAgQIECgvICUqnwPVECAAAECBAgQIECAAAECBAgQICClMgMECBAgQIAAAQIECBAgQIAAAQLlBaRU5XugAgIECBAgQIAAAQIECBAgQIAAASmVGSBAgAABAgQIECBAgAABAgQIECgvIKUq3wMVECBAgAABAgQIECBAgAABAgQISKnMAAECBAgQIECAAAECBAgQIECAQHkBKVX5HqiAAAECBAgQIECAAAECBAgQIEBASmUGCBAgQIAAAQIECBAgQIAAAQIEygtIqcr3QAUECBAgQIAAAQIECBAgQIAAAQJSKjNAgAABAgQIECBAgAABAgQIECBQXkBKVb4HKiBAgAABAgQIECBAgAABAgQIEJBSmQECBAgQIECAAAECBAgQIECAAIHyAlKq8j1QAQECBAgQIECAAAECBAgQIECAgJTKDBAgQIAAAQIECBAgQIAAAQIECJQXkFKV74EKCBAgQIAAAQIECBAgQIAAAQIEpFRmgAABAgQIECBAgAABAgQIECBAoLyAlKp8D1RAgAABAgQIECBAgAABAgQIECAgpTIDBAgQIECAAAECBAgQIECAAAEC5QWkVOV7oAICBAgQIECAAAECBAgQIECAAAEplRkgQIAAAQIECBAgQIAAAQIECBAoLyClKt8DFRAgQIAAAQIECBAgQIAAAQIECEipzAABAgQIECBAgAABAgQIECBAgEB5ASlV+R6ogAABAgQIECBAgAABAgQIECBAQEplBggQIECAAAECBAgQIECAAAECBMoLSKnK90AFBAgQIECAAAECBAgQIECAAAECUiozQIAAAQIECBAgQIAAAQIECBAgUF5ASlW+ByogQIAAAQIECBAgQIAAAQIECBCQUpkBAgQIECBAgAABAgQIECBAgACB8gJSqvI9UAEBAgQIECBAgAABAgQIECBAgICUygwQIECAAAECBAgQIECAAAECBAiUF5BSle+BCggQIECAAAECBAgQIECAAAECBKRUZoAAAQIECBAgQIAAAQIECBAgQKC8gJSqfA9UQIAAAQIECBAgQIAAAQIECBAgIKUyAwQIECBAgAABAgQIECBAgAABAuUFpFTle6ACAgQIECBAgAABAgQIECBAgAABKZUZIECAAAECBAgQIECAAAECBAgQKC8gpSrfAxUQIECAAAECBAgQIECAAAECBAhIqcwAAQIECBAgQIAAAQIECBAgQIBAeQEpVfkeqIAAAQIECBAgQIAAAQIECBAgQEBKZQYIECBAgAABAgQIECBAgAABAgTKC0ipyvdABQQIECBAgAABAgQIECBAgAABAlIqM0CAAAECBAgQIECAAAECBAgQIFBeQEpVvgcqIECAAAECBAgQIECAAAECBAgQkFKZAQIECBAgQIAAAQIECBAgQIAAgfICUqryPVABAQIECBAgQIAAAQIECBAgQICAlMoMECBAgAABAgQIECBAgAABAgQIlBeQUpXvgQoIECBAgAABAgQIECBAgAABAgSkVGaAAAECBAgQIECAAAECBAgQIECgvICUqnwPVECAAAECBAgQIECAAAECBAgQICClMgMECBAgQIAAAQIECBAgQIAAAQLlBaRU5XugAgIECBAgQIAAAQIECBAgQIAAASmVGSBAgAABAgQIECBAgAABAgQIECgvIKUq3wMVECBAgAABAgQIECBAgAABAgQISKnMAAECBAgQIECAAAECBAgQIECAQHkBKVX5HqiAAAECBAgQIECAAAECBAgQIEBASmUGCBAgQIAAAQIECBAgQIAAAQIEygtIqcr3QAUECBAgQIAAAQIECBAgQIAAAQJSKjNAgAABAgQIECBAgAABAgQIECBQXkBKVb4HKiBAgAABAgQIECBAgAABAgQIEJBSmQECBAgQIECAAAECBAgQIECAAIHyAlKq8j1QAQECBAgQIECAAAECBAgQIECAgJTKDBAgQIAAAQIECBAgQIAAAQIECJQXkFKV74EKCBAgQIAAAQIECBAgQIAAAQIEpFRmgAABAgQIECBAgAABAgQIECBAoLyAlKp8D1RAgAABAgQIECBAgAABAgQIECAgpTIDBAgQIECAAAECBAgQIECAAAEC5QWkVOV7oAICBAgQIECAAAECBAgQIECAAAEplRkgQIAAAQIECBAgQIAAAQIECBAoLyClKt8DFRAgQIAAAQIECBAgQIAAAQIECEipzAABAgQIECBAgAABAgQIECBAgEB5ASlV+R6ogAABAgQIECBAgAABAgQIECBAQEplBggQIECAAAECBAgQIECAAAECBMoLSKnK90AFBAgQIECAAAECBAgQIECAAAECUiozQIAAAQIECBAgQIAAAQIECBAgUF5ASlW+ByogQIAAAQIECBAgQIAAAQIECBCQUpkBAgQIECBAgAABAgQIECBAgACB8gJSqvI9UAEBAgQIECBAgAABAgQIECBAgICUygwQIECAAAECBAgQIECAAAECBAiUF5BSle+BCggQIECAAAECBAgQIECAAAECBKRUZoAAAQIECBAgQIAAAQIECBAgQKC8gJSqfA9UQIAAAQIECBAgQIAAAQIECBAgIKUyAwQIECBAgAABAgQIECBAgAABAuUFpFTle6ACAgQIECBAgAABAgQIECBAgAABKZUZIECAAAECBAgQIECAAAECBAgQKC8gpSrfAxUQIECAAAECBAgQIECAAAECBAhIqcwAAQIECBAgQIAAAQIECBAgQIBAeQEpVfkeqIAAAQIECBAgQIAAAQIECBAgQEBKZQYIECBAgAABAgQIECBAgAABAgTKC0ipyvdABQQIECBAgAABAgQIECBAgAABAlIqM0CAAAECBAgQIECAAAECBAgQIFBeQEpVvgcqIECAAAECBAgQIECAAAECBAgQkFKZAQIECBAgQIAAAQIECBAgQIAAgfICUqryPVABAQIECBAgQIAAAQIECBAgQICAlMoMECBAgAABAgQIECBAgAABAgQIlBeQUpXvgQoIECBAgAABAgQIECBAgAABAgSkVGaAAAECBAgQIECAAAECBAgQIECgvICUqnwPVECAAAECBAgQIECAAAECBAgQICClMgMECBAgQIAAAQIECBAgQIAAAQLlBaRU5XugAgIECBAgQIAAAQIECBAgQIAAASmVGSBAgAABAgQIECBAgAABAgQIECgvIKUq3wMVECBAgAABAgQIECBAgAABAgQISKnMAAECBAgQIECAAAECBAgQIECAQHkBKVX5HqiAAAECBAgQIECAAAECBAgQIEBASmUGCBAgQIAAAQIECBAgQIAAAQIEygtIqcr3QAUECBAgQIAAAQIECBAgQIAAAQJSKjNAgAABAgQIECBAgAABAgQIECBQXkBKVb4HKiBAgAABAgQIECBAgAABAgQIEPj/iYZExL+HKw0AAAAASUVORK5CYII=\" width=\"596\">顶顶顶顶', '2018-11-07 14:39:19', '0', '0', '0', '2', '1');
INSERT INTO `dnf_theme_post` VALUES ('40', '12', '2', 'ddddd', 'dddddddddddd', '2018-11-07 14:43:54', '0', '0', '0', '1', '4');
INSERT INTO `dnf_theme_post` VALUES ('41', '12', '9', 'dsdsdsdsdsd', 'dsdsd', '2018-11-07 14:47:45', '0', '0', '0', '4', '1');

-- ----------------------------
-- Table structure for dnf_type
-- ----------------------------
DROP TABLE IF EXISTS `dnf_type`;
CREATE TABLE `dnf_type` (
  `tyid` int(11) NOT NULL AUTO_INCREMENT,
  `tname` varchar(100) NOT NULL,
  PRIMARY KEY (`tyid`)
) ENGINE=InnoDB AUTO_INCREMENT=16 DEFAULT CHARSET=utf8;

-- ----------------------------
-- Records of dnf_type
-- ----------------------------
INSERT INTO `dnf_type` VALUES ('0', '无');
INSERT INTO `dnf_type` VALUES ('1', '官方活动');
INSERT INTO `dnf_type` VALUES ('2', '游戏讨论');
INSERT INTO `dnf_type` VALUES ('3', '召唤策划');
INSERT INTO `dnf_type` VALUES ('4', '论坛活动');
INSERT INTO `dnf_type` VALUES ('5', '普通帖子');
INSERT INTO `dnf_type` VALUES ('6', '韩服资讯');
INSERT INTO `dnf_type` VALUES ('7', '体验服资讯');
INSERT INTO `dnf_type` VALUES ('8', '写手资讯');
INSERT INTO `dnf_type` VALUES ('9', '官方信息');
INSERT INTO `dnf_type` VALUES ('10', 'DNF小喇叭');
INSERT INTO `dnf_type` VALUES ('11', 'BUG反馈');
INSERT INTO `dnf_type` VALUES ('12', '同人作品');
INSERT INTO `dnf_type` VALUES ('13', '音乐分享');
INSERT INTO `dnf_type` VALUES ('14', '壁纸铃声');
INSERT INTO `dnf_type` VALUES ('15', '游戏补丁');

-- ----------------------------
-- Table structure for dnf_user
-- ----------------------------
DROP TABLE IF EXISTS `dnf_user`;
CREATE TABLE `dnf_user` (
  `uid` int(11) NOT NULL AUTO_INCREMENT,
  `nickname` varchar(30) NOT NULL,
  `pwd` varchar(30) NOT NULL,
  `phone` varchar(30) NOT NULL,
  `email` varchar(30) DEFAULT 'null',
  `ustatus` int(11) NOT NULL DEFAULT '0',
  `role` int(11) NOT NULL DEFAULT '0',
  `headphoto` varchar(100) NOT NULL DEFAULT 'ulogo.jpg',
  `registertime` datetime NOT NULL DEFAULT CURRENT_TIMESTAMP,
  `ulevel` int(11) NOT NULL DEFAULT '0',
  `signature` varchar(300) NOT NULL DEFAULT '这个用户很懒，什么也没写...',
  PRIMARY KEY (`uid`),
  UNIQUE KEY `nickname` (`nickname`),
  UNIQUE KEY `phone` (`phone`)
) ENGINE=InnoDB AUTO_INCREMENT=27 DEFAULT CHARSET=utf8;

-- ----------------------------
-- Records of dnf_user
-- ----------------------------
INSERT INTO `dnf_user` VALUES ('0', 'DNF官方测试', '123456', '0', 'null', '0', '0', 'ulogo.jpg', '2018-11-05 18:57:24', '0', '这个用户很懒，什么也没写...');
INSERT INTO `dnf_user` VALUES ('1', '夜夜夜夜晚', '123456', '15390934909', 'null', '0', '0', '1541554585811.jpg', '2018-10-13 15:51:55', '4', 'DNF官方论坛欢迎您');
INSERT INTO `dnf_user` VALUES ('2', '世界漂流瓶', '123456', '15390934908', 'null', '0', '0', '1541743802698.jpg', '2018-10-13 15:52:34', '2', 'Java后端班');
INSERT INTO `dnf_user` VALUES ('3', '月翡', '123456', '15390934907', 'null', '0', '0', '1541557784059.jpg', '2018-10-16 20:12:41', '1', '这个用户很懒，什么也没写...');
INSERT INTO `dnf_user` VALUES ('5', '若水轻尘', '123456', '15390934906', 'null', '0', '0', '1541590345283.jpg', '2018-10-16 20:13:04', '6', '这个用户很懒，什么也没写...');
INSERT INTO `dnf_user` VALUES ('6', '午后丶阳光倾城', '123456', '15390934905', 'null', '0', '0', 'ulogo.jpg', '2018-10-16 20:13:17', '0', '这个用户很懒，什么也没写...');
INSERT INTO `dnf_user` VALUES ('7', '中将尼贝尔', '123456', '15390934904', 'null', '0', '0', 'ulogo.jpg', '2018-10-16 20:13:35', '0', '这个用户很懒，什么也没写...');
INSERT INTO `dnf_user` VALUES ('8', '奶途无量', '123456', '15390934903', 'null', '0', '0', 'ulogo.jpg', '2018-10-16 20:13:50', '0', '这个用户很懒，什么也没写...');
INSERT INTO `dnf_user` VALUES ('9', '萌萌酱', '123456', '15390934902', 'null', '0', '0', '1541588412700.jpg', '2018-10-16 20:14:00', '3', '这个用户很懒，什么也没写...');
INSERT INTO `dnf_user` VALUES ('10', '游戏人生丶空白', '123456', '15390934901', 'null', '0', '0', 'ulogo.jpg', '2018-10-16 20:14:16', '5', '这个用户很懒，什么也没写...');
INSERT INTO `dnf_user` VALUES ('11', '咸鱼KING', '123456', '15390934900', 'null', '0', '0', '1541491580573.jpg', '2018-10-16 20:14:26', '2', '这个用户很懒，什么也没写...');
INSERT INTO `dnf_user` VALUES ('12', 'admin', '123456', '15390934910', 'null', '0', '0', '1541575456909.jpg', '2018-10-17 19:22:39', '0', '这个用户很懒，什么也没写...');
INSERT INTO `dnf_user` VALUES ('13', '水蓦然', '123456', '15390934911', 'null', '0', '0', '1541492576729.jpg', '2018-10-30 19:19:56', '0', '这个用户很懒，什么也没写...');
INSERT INTO `dnf_user` VALUES ('14', '东木君', '123456', '15390934912', 'null', '0', '0', '1541491871105.jpg', '2018-11-05 16:42:37', '0', '这个用户很懒，什么也没写...');
INSERT INTO `dnf_user` VALUES ('15', '桐谷和人', '12345', '15390934913', 'null', '0', '0', 'ulogo.jpg', '2018-11-05 16:43:54', '0', '这个用户很懒，什么也没写...');
INSERT INTO `dnf_user` VALUES ('16', '明日结城奈', '123456', '15390934914', 'null', '0', '0', '1541662127065.jpg', '2018-11-05 16:45:18', '0', '这个用户很懒，什么也没写...');
INSERT INTO `dnf_user` VALUES ('19', 'xgr121212', '123456', '18820412867', 'null', '0', '0', 'ulogo.jpg', '2018-11-07 09:27:07', '0', '这个用户很懒，什么也没写...');
INSERT INTO `dnf_user` VALUES ('20', '假猪套天下第一', '123456', '15390912363', 'null', '0', '0', 'ulogo.jpg', '2018-11-07 10:21:00', '0', '这个用户很懒，什么也没写...');
INSERT INTO `dnf_user` VALUES ('21', 'cairenhao', '123456', '15021019523', 'null', '0', '0', 'ulogo.jpg', '2018-11-07 10:24:34', '0', '这个用户很懒，什么也没写...');
INSERT INTO `dnf_user` VALUES ('22', 'java学习', '123456', '15000979686', 'null', '0', '0', 'ulogo.jpg', '2018-11-07 10:25:57', '0', '这个用户很懒，什么也没写...');
INSERT INTO `dnf_user` VALUES ('23', '123', '3333', '', 'null', '0', '0', 'ulogo.jpg', '2018-11-07 14:35:11', '0', '这个用户很懒，什么也没写...');
INSERT INTO `dnf_user` VALUES ('25', 'DNF剑豪', '123456', '15390912300', 'null', '0', '0', 'ulogo.jpg', '2018-11-07 20:08:18', '0', '这个用户很懒，什么也没写...');
INSERT INTO `dnf_user` VALUES ('26', '我可能不正经', '123456', '15390912360', 'null', '0', '0', '1541592913020.jpg', '2018-11-07 20:10:36', '0', '这个用户很懒，什么也没写...');

-- ----------------------------
-- Table structure for dnf_user_badge
-- ----------------------------
DROP TABLE IF EXISTS `dnf_user_badge`;
CREATE TABLE `dnf_user_badge` (
  `ubid` int(11) NOT NULL AUTO_INCREMENT,
  `uid` int(11) NOT NULL,
  `bid` int(11) NOT NULL,
  PRIMARY KEY (`ubid`),
  KEY `uid` (`uid`),
  KEY `bid` (`bid`),
  CONSTRAINT `dnf_user_badge_ibfk_1` FOREIGN KEY (`uid`) REFERENCES `dnf_user` (`uid`),
  CONSTRAINT `dnf_user_badge_ibfk_2` FOREIGN KEY (`bid`) REFERENCES `dnf_badge` (`bid`)
) ENGINE=InnoDB AUTO_INCREMENT=21 DEFAULT CHARSET=utf8;

-- ----------------------------
-- Records of dnf_user_badge
-- ----------------------------
INSERT INTO `dnf_user_badge` VALUES ('1', '1', '1');
INSERT INTO `dnf_user_badge` VALUES ('2', '1', '2');
INSERT INTO `dnf_user_badge` VALUES ('3', '1', '3');
INSERT INTO `dnf_user_badge` VALUES ('4', '1', '5');
INSERT INTO `dnf_user_badge` VALUES ('5', '2', '3');
INSERT INTO `dnf_user_badge` VALUES ('6', '2', '1');
INSERT INTO `dnf_user_badge` VALUES ('7', '2', '10');
INSERT INTO `dnf_user_badge` VALUES ('8', '2', '16');
INSERT INTO `dnf_user_badge` VALUES ('9', '3', '10');
INSERT INTO `dnf_user_badge` VALUES ('10', '3', '25');
INSERT INTO `dnf_user_badge` VALUES ('11', '1', '19');
INSERT INTO `dnf_user_badge` VALUES ('12', '1', '20');
INSERT INTO `dnf_user_badge` VALUES ('13', '2', '30');
INSERT INTO `dnf_user_badge` VALUES ('15', '2', '29');
INSERT INTO `dnf_user_badge` VALUES ('16', '1', '30');
INSERT INTO `dnf_user_badge` VALUES ('17', '10', '5');
INSERT INTO `dnf_user_badge` VALUES ('18', '10', '6');
INSERT INTO `dnf_user_badge` VALUES ('19', '10', '16');
INSERT INTO `dnf_user_badge` VALUES ('20', '10', '8');

-- ----------------------------
-- Table structure for dnf_user_dynamic
-- ----------------------------
DROP TABLE IF EXISTS `dnf_user_dynamic`;
CREATE TABLE `dnf_user_dynamic` (
  `udid` int(11) NOT NULL AUTO_INCREMENT,
  `uid` int(11) NOT NULL,
  `pid` int(11) NOT NULL,
  `dtime` datetime NOT NULL DEFAULT CURRENT_TIMESTAMP,
  PRIMARY KEY (`udid`),
  KEY `uid` (`uid`),
  KEY `pid` (`pid`),
  CONSTRAINT `dnf_user_dynamic_ibfk_1` FOREIGN KEY (`uid`) REFERENCES `dnf_user` (`uid`),
  CONSTRAINT `dnf_user_dynamic_ibfk_2` FOREIGN KEY (`pid`) REFERENCES `dnf_theme_post` (`pid`)
) ENGINE=InnoDB DEFAULT CHARSET=utf8;

-- ----------------------------
-- Records of dnf_user_dynamic
-- ----------------------------

-- ----------------------------
-- Table structure for dnf_user_friends
-- ----------------------------
DROP TABLE IF EXISTS `dnf_user_friends`;
CREATE TABLE `dnf_user_friends` (
  `ufid` int(11) NOT NULL AUTO_INCREMENT,
  `uid_t1` int(11) NOT NULL,
  `uid_t2` int(11) NOT NULL,
  PRIMARY KEY (`ufid`),
  KEY `uid_t1` (`uid_t1`),
  KEY `uid_t2` (`uid_t2`),
  CONSTRAINT `dnf_user_friends_ibfk_1` FOREIGN KEY (`uid_t1`) REFERENCES `dnf_user` (`uid`),
  CONSTRAINT `dnf_user_friends_ibfk_2` FOREIGN KEY (`uid_t2`) REFERENCES `dnf_user` (`uid`)
) ENGINE=InnoDB DEFAULT CHARSET=utf8;

-- ----------------------------
-- Records of dnf_user_friends
-- ----------------------------

-- ----------------------------
-- Table structure for dnf_user_info
-- ----------------------------
DROP TABLE IF EXISTS `dnf_user_info`;
CREATE TABLE `dnf_user_info` (
  `uifid` int(11) NOT NULL AUTO_INCREMENT,
  `uid` int(11) NOT NULL,
  `realname` varchar(50) DEFAULT NULL,
  `IDcard` varchar(50) DEFAULT NULL,
  `profession` varchar(50) DEFAULT NULL,
  `safeissue` varchar(100) DEFAULT NULL,
  `answer` varchar(100) DEFAULT NULL,
  PRIMARY KEY (`uifid`),
  KEY `uid` (`uid`),
  CONSTRAINT `dnf_user_info_ibfk_1` FOREIGN KEY (`uid`) REFERENCES `dnf_user` (`uid`)
) ENGINE=InnoDB AUTO_INCREMENT=8 DEFAULT CHARSET=utf8;

-- ----------------------------
-- Records of dnf_user_info
-- ----------------------------
INSERT INTO `dnf_user_info` VALUES ('0', '0', 'DNF官方测试', '身份证号码', '擅长职业', '安全问题', '密保答案');
INSERT INTO `dnf_user_info` VALUES ('1', '1', '蔡仁浩', '321281199703041234', '剑魂', '我的名字？', '蔡仁浩1');
INSERT INTO `dnf_user_info` VALUES ('2', '2', '白家福', '321281199703041211', '鬼泣', '我的名字？', '白家福zdds');
INSERT INTO `dnf_user_info` VALUES ('3', '3', null, null, null, null, null);
INSERT INTO `dnf_user_info` VALUES ('4', '9', '蔡仁浩', '321281199703041234', '决战者', '我的名字？', '徐峥');
INSERT INTO `dnf_user_info` VALUES ('5', '5', '嘚瑟嘚瑟', '321281199703041235', '鬼泣', '我的名字？', '徐峥多对多对的');
INSERT INTO `dnf_user_info` VALUES ('6', '16', '会话', '321281199703041234', '决战者', '我的名字？', '徐峥');
INSERT INTO `dnf_user_info` VALUES ('7', '26', '徐争', '123123123123', '漫游枪手', '我的名字？', '徐争');

-- ----------------------------
-- Table structure for dnf_user_property
-- ----------------------------
DROP TABLE IF EXISTS `dnf_user_property`;
CREATE TABLE `dnf_user_property` (
  `upid` int(11) NOT NULL AUTO_INCREMENT,
  `uid` int(11) NOT NULL,
  `goldcoin` int(11) NOT NULL DEFAULT '0',
  `EXP` int(11) NOT NULL DEFAULT '0',
  `charm` int(11) NOT NULL DEFAULT '0',
  `fanscoin` int(11) NOT NULL DEFAULT '0',
  `coupon` int(11) NOT NULL DEFAULT '0',
  `credit` int(11) NOT NULL DEFAULT '1',
  PRIMARY KEY (`upid`),
  KEY `uid` (`uid`),
  CONSTRAINT `dnf_user_property_ibfk_1` FOREIGN KEY (`uid`) REFERENCES `dnf_user` (`uid`)
) ENGINE=InnoDB AUTO_INCREMENT=16 DEFAULT CHARSET=utf8;

-- ----------------------------
-- Records of dnf_user_property
-- ----------------------------
INSERT INTO `dnf_user_property` VALUES ('1', '1', '10', '30', '20', '20', '10', '1');
INSERT INTO `dnf_user_property` VALUES ('2', '2', '1', '50', '15', '10', '15', '3');
INSERT INTO `dnf_user_property` VALUES ('3', '10', '0', '20', '12', '0', '0', '5');
INSERT INTO `dnf_user_property` VALUES ('4', '9', '53', '15', '0', '23', '0', '6');
INSERT INTO `dnf_user_property` VALUES ('5', '8', '0', '35', '0', '0', '5', '2');
INSERT INTO `dnf_user_property` VALUES ('6', '3', '0', '75', '10', '0', '0', '4');
INSERT INTO `dnf_user_property` VALUES ('7', '7', '55', '80', '0', '0', '50', '5');
INSERT INTO `dnf_user_property` VALUES ('8', '6', '0', '90', '0', '30', '0', '1');
INSERT INTO `dnf_user_property` VALUES ('9', '5', '0', '60', '0', '50', '0', '5');
INSERT INTO `dnf_user_property` VALUES ('10', '11', '10', '40', '0', '0', '53', '1');
INSERT INTO `dnf_user_property` VALUES ('11', '14', '30', '30', '0', '0', '0', '7');
INSERT INTO `dnf_user_property` VALUES ('12', '13', '10', '50', '10', '0', '4', '5');
INSERT INTO `dnf_user_property` VALUES ('13', '19', '0', '40', '0', '35', '0', '1');
INSERT INTO `dnf_user_property` VALUES ('14', '12', '0', '0', '0', '0', '0', '1');
INSERT INTO `dnf_user_property` VALUES ('15', '16', '0', '0', '0', '0', '0', '1');

-- ----------------------------
-- Table structure for dnf_visitor
-- ----------------------------
DROP TABLE IF EXISTS `dnf_visitor`;
CREATE TABLE `dnf_visitor` (
  `vid` int(11) NOT NULL AUTO_INCREMENT,
  `vsum` int(11) NOT NULL DEFAULT '0',
  `updtime` datetime DEFAULT CURRENT_TIMESTAMP,
  PRIMARY KEY (`vid`)
) ENGINE=InnoDB AUTO_INCREMENT=259 DEFAULT CHARSET=utf8;

-- ----------------------------
-- Records of dnf_visitor
-- ----------------------------
INSERT INTO `dnf_visitor` VALUES ('1', '50', '2018-10-30 15:05:52');
INSERT INTO `dnf_visitor` VALUES ('2', '60', '2018-10-30 15:05:55');
INSERT INTO `dnf_visitor` VALUES ('3', '65', '2018-10-30 15:05:58');
INSERT INTO `dnf_visitor` VALUES ('4', '70', '2018-10-30 15:26:39');
INSERT INTO `dnf_visitor` VALUES ('5', '75', '2018-10-30 15:27:37');
INSERT INTO `dnf_visitor` VALUES ('6', '80', '2018-10-30 16:31:50');
INSERT INTO `dnf_visitor` VALUES ('7', '80', '2018-10-30 16:39:24');
INSERT INTO `dnf_visitor` VALUES ('8', '80', '2018-10-30 16:50:16');
INSERT INTO `dnf_visitor` VALUES ('9', '81', '2018-10-30 16:54:00');
INSERT INTO `dnf_visitor` VALUES ('10', '82', '2018-10-30 16:56:10');
INSERT INTO `dnf_visitor` VALUES ('11', '83', '2018-10-30 16:58:17');
INSERT INTO `dnf_visitor` VALUES ('12', '84', '2018-10-30 17:00:21');
INSERT INTO `dnf_visitor` VALUES ('13', '85', '2018-10-30 17:01:01');
INSERT INTO `dnf_visitor` VALUES ('14', '86', '2018-10-30 17:01:55');
INSERT INTO `dnf_visitor` VALUES ('15', '87', '2018-10-30 17:04:32');
INSERT INTO `dnf_visitor` VALUES ('16', '88', '2018-10-30 17:06:19');
INSERT INTO `dnf_visitor` VALUES ('17', '89', '2018-10-30 17:09:24');
INSERT INTO `dnf_visitor` VALUES ('18', '90', '2018-10-30 18:26:34');
INSERT INTO `dnf_visitor` VALUES ('19', '91', '2018-10-30 19:03:13');
INSERT INTO `dnf_visitor` VALUES ('20', '92', '2018-10-30 19:06:28');
INSERT INTO `dnf_visitor` VALUES ('21', '93', '2018-10-30 19:08:50');
INSERT INTO `dnf_visitor` VALUES ('22', '94', '2018-10-30 19:19:18');
INSERT INTO `dnf_visitor` VALUES ('23', '95', '2018-10-30 19:39:41');
INSERT INTO `dnf_visitor` VALUES ('24', '96', '2018-10-30 19:40:39');
INSERT INTO `dnf_visitor` VALUES ('25', '97', '2018-10-30 19:46:55');
INSERT INTO `dnf_visitor` VALUES ('26', '98', '2018-10-30 19:52:54');
INSERT INTO `dnf_visitor` VALUES ('27', '99', '2018-10-30 19:54:10');
INSERT INTO `dnf_visitor` VALUES ('28', '100', '2018-10-30 20:02:10');
INSERT INTO `dnf_visitor` VALUES ('29', '102', '2018-10-30 20:13:12');
INSERT INTO `dnf_visitor` VALUES ('30', '103', '2018-10-30 20:14:10');
INSERT INTO `dnf_visitor` VALUES ('31', '104', '2018-10-30 20:15:53');
INSERT INTO `dnf_visitor` VALUES ('32', '106', '2018-10-30 20:23:37');
INSERT INTO `dnf_visitor` VALUES ('33', '107', '2018-10-30 20:27:05');
INSERT INTO `dnf_visitor` VALUES ('34', '108', '2018-10-30 20:28:09');
INSERT INTO `dnf_visitor` VALUES ('35', '110', '2018-10-30 20:29:27');
INSERT INTO `dnf_visitor` VALUES ('36', '111', '2018-10-30 20:30:31');
INSERT INTO `dnf_visitor` VALUES ('37', '112', '2018-10-30 20:31:07');
INSERT INTO `dnf_visitor` VALUES ('38', '114', '2018-10-30 20:32:01');
INSERT INTO `dnf_visitor` VALUES ('39', '115', '2018-10-30 20:32:37');
INSERT INTO `dnf_visitor` VALUES ('40', '117', '2018-10-30 20:33:44');
INSERT INTO `dnf_visitor` VALUES ('41', '118', '2018-10-31 10:54:39');
INSERT INTO `dnf_visitor` VALUES ('42', '119', '2018-10-31 11:01:40');
INSERT INTO `dnf_visitor` VALUES ('43', '121', '2018-10-31 11:07:22');
INSERT INTO `dnf_visitor` VALUES ('44', '128', '2018-10-31 16:55:19');
INSERT INTO `dnf_visitor` VALUES ('45', '129', '2018-10-31 17:09:02');
INSERT INTO `dnf_visitor` VALUES ('46', '130', '2018-10-31 17:27:33');
INSERT INTO `dnf_visitor` VALUES ('47', '132', '2018-10-31 19:03:37');
INSERT INTO `dnf_visitor` VALUES ('48', '133', '2018-10-31 19:12:48');
INSERT INTO `dnf_visitor` VALUES ('49', '134', '2018-10-31 19:24:50');
INSERT INTO `dnf_visitor` VALUES ('50', '135', '2018-10-31 19:31:09');
INSERT INTO `dnf_visitor` VALUES ('51', '136', '2018-10-31 19:37:41');
INSERT INTO `dnf_visitor` VALUES ('52', '137', '2018-10-31 20:00:14');
INSERT INTO `dnf_visitor` VALUES ('53', '138', '2018-10-31 20:03:08');
INSERT INTO `dnf_visitor` VALUES ('54', '139', '2018-10-31 20:35:53');
INSERT INTO `dnf_visitor` VALUES ('55', '141', '2018-11-01 10:01:18');
INSERT INTO `dnf_visitor` VALUES ('56', '141', '2018-11-01 10:07:31');
INSERT INTO `dnf_visitor` VALUES ('57', '142', '2018-11-01 10:09:08');
INSERT INTO `dnf_visitor` VALUES ('58', '142', '2018-11-01 10:10:05');
INSERT INTO `dnf_visitor` VALUES ('59', '143', '2018-11-01 10:14:47');
INSERT INTO `dnf_visitor` VALUES ('60', '144', '2018-11-01 10:27:51');
INSERT INTO `dnf_visitor` VALUES ('61', '145', '2018-11-01 14:35:17');
INSERT INTO `dnf_visitor` VALUES ('62', '146', '2018-11-01 14:48:49');
INSERT INTO `dnf_visitor` VALUES ('63', '147', '2018-11-01 14:50:05');
INSERT INTO `dnf_visitor` VALUES ('64', '148', '2018-11-01 14:50:53');
INSERT INTO `dnf_visitor` VALUES ('65', '149', '2018-11-01 14:53:54');
INSERT INTO `dnf_visitor` VALUES ('66', '150', '2018-11-01 15:00:34');
INSERT INTO `dnf_visitor` VALUES ('67', '151', '2018-11-01 15:30:54');
INSERT INTO `dnf_visitor` VALUES ('68', '152', '2018-11-01 15:35:50');
INSERT INTO `dnf_visitor` VALUES ('69', '153', '2018-11-01 15:51:20');
INSERT INTO `dnf_visitor` VALUES ('70', '154', '2018-11-01 15:55:48');
INSERT INTO `dnf_visitor` VALUES ('71', '155', '2018-11-01 15:56:23');
INSERT INTO `dnf_visitor` VALUES ('72', '156', '2018-11-01 16:06:55');
INSERT INTO `dnf_visitor` VALUES ('73', '157', '2018-11-01 16:08:04');
INSERT INTO `dnf_visitor` VALUES ('74', '158', '2018-11-01 16:11:41');
INSERT INTO `dnf_visitor` VALUES ('75', '159', '2018-11-01 16:14:45');
INSERT INTO `dnf_visitor` VALUES ('76', '160', '2018-11-01 16:21:29');
INSERT INTO `dnf_visitor` VALUES ('77', '161', '2018-11-01 16:22:22');
INSERT INTO `dnf_visitor` VALUES ('78', '162', '2018-11-01 16:27:32');
INSERT INTO `dnf_visitor` VALUES ('79', '163', '2018-11-01 16:34:11');
INSERT INTO `dnf_visitor` VALUES ('80', '165', '2018-11-01 16:45:38');
INSERT INTO `dnf_visitor` VALUES ('81', '166', '2018-11-01 16:48:15');
INSERT INTO `dnf_visitor` VALUES ('82', '167', '2018-11-01 16:49:18');
INSERT INTO `dnf_visitor` VALUES ('83', '168', '2018-11-01 16:56:56');
INSERT INTO `dnf_visitor` VALUES ('84', '170', '2018-11-01 18:19:22');
INSERT INTO `dnf_visitor` VALUES ('85', '171', '2018-11-01 20:24:48');
INSERT INTO `dnf_visitor` VALUES ('86', '172', '2018-11-01 20:28:29');
INSERT INTO `dnf_visitor` VALUES ('87', '173', '2018-11-01 20:34:06');
INSERT INTO `dnf_visitor` VALUES ('88', '175', '2018-11-02 08:58:53');
INSERT INTO `dnf_visitor` VALUES ('89', '176', '2018-11-02 09:09:18');
INSERT INTO `dnf_visitor` VALUES ('90', '177', '2018-11-02 09:31:10');
INSERT INTO `dnf_visitor` VALUES ('91', '178', '2018-11-02 09:35:07');
INSERT INTO `dnf_visitor` VALUES ('92', '179', '2018-11-02 09:41:17');
INSERT INTO `dnf_visitor` VALUES ('93', '180', '2018-11-02 09:46:34');
INSERT INTO `dnf_visitor` VALUES ('94', '181', '2018-11-02 09:49:07');
INSERT INTO `dnf_visitor` VALUES ('95', '182', '2018-11-02 11:04:58');
INSERT INTO `dnf_visitor` VALUES ('96', '182', '2018-11-02 11:06:29');
INSERT INTO `dnf_visitor` VALUES ('97', '182', '2018-11-02 11:09:18');
INSERT INTO `dnf_visitor` VALUES ('98', '182', '2018-11-02 11:13:21');
INSERT INTO `dnf_visitor` VALUES ('99', '182', '2018-11-02 11:16:45');
INSERT INTO `dnf_visitor` VALUES ('100', '182', '2018-11-02 11:19:03');
INSERT INTO `dnf_visitor` VALUES ('101', '182', '2018-11-02 11:24:55');
INSERT INTO `dnf_visitor` VALUES ('102', '184', '2018-11-02 11:41:47');
INSERT INTO `dnf_visitor` VALUES ('103', '185', '2018-11-02 11:50:45');
INSERT INTO `dnf_visitor` VALUES ('104', '186', '2018-11-02 11:54:05');
INSERT INTO `dnf_visitor` VALUES ('105', '187', '2018-11-02 11:57:18');
INSERT INTO `dnf_visitor` VALUES ('106', '188', '2018-11-02 13:07:52');
INSERT INTO `dnf_visitor` VALUES ('107', '190', '2018-11-02 20:29:59');
INSERT INTO `dnf_visitor` VALUES ('108', '191', '2018-11-02 20:34:53');
INSERT INTO `dnf_visitor` VALUES ('109', '192', '2018-11-03 10:10:24');
INSERT INTO `dnf_visitor` VALUES ('110', '193', '2018-11-03 10:25:01');
INSERT INTO `dnf_visitor` VALUES ('111', '194', '2018-11-03 10:56:58');
INSERT INTO `dnf_visitor` VALUES ('112', '195', '2018-11-03 11:34:29');
INSERT INTO `dnf_visitor` VALUES ('113', '196', '2018-11-03 11:39:36');
INSERT INTO `dnf_visitor` VALUES ('114', '197', '2018-11-03 11:42:49');
INSERT INTO `dnf_visitor` VALUES ('115', '200', '2018-11-03 14:12:48');
INSERT INTO `dnf_visitor` VALUES ('116', '201', '2018-11-03 14:18:14');
INSERT INTO `dnf_visitor` VALUES ('117', '202', '2018-11-03 14:19:03');
INSERT INTO `dnf_visitor` VALUES ('118', '204', '2018-11-03 14:29:00');
INSERT INTO `dnf_visitor` VALUES ('119', '205', '2018-11-03 14:36:38');
INSERT INTO `dnf_visitor` VALUES ('120', '206', '2018-11-03 14:40:08');
INSERT INTO `dnf_visitor` VALUES ('121', '207', '2018-11-03 14:42:35');
INSERT INTO `dnf_visitor` VALUES ('122', '208', '2018-11-03 14:43:30');
INSERT INTO `dnf_visitor` VALUES ('123', '209', '2018-11-03 14:47:00');
INSERT INTO `dnf_visitor` VALUES ('124', '210', '2018-11-03 14:53:03');
INSERT INTO `dnf_visitor` VALUES ('125', '211', '2018-11-03 14:54:20');
INSERT INTO `dnf_visitor` VALUES ('126', '212', '2018-11-03 15:19:45');
INSERT INTO `dnf_visitor` VALUES ('127', '213', '2018-11-03 15:21:35');
INSERT INTO `dnf_visitor` VALUES ('128', '214', '2018-11-03 15:27:01');
INSERT INTO `dnf_visitor` VALUES ('129', '215', '2018-11-05 10:05:51');
INSERT INTO `dnf_visitor` VALUES ('130', '216', '2018-11-05 10:08:56');
INSERT INTO `dnf_visitor` VALUES ('131', '217', '2018-11-05 10:40:00');
INSERT INTO `dnf_visitor` VALUES ('132', '218', '2018-11-05 10:41:43');
INSERT INTO `dnf_visitor` VALUES ('133', '219', '2018-11-05 11:34:48');
INSERT INTO `dnf_visitor` VALUES ('134', '220', '2018-11-05 11:40:09');
INSERT INTO `dnf_visitor` VALUES ('135', '222', '2018-11-05 11:50:23');
INSERT INTO `dnf_visitor` VALUES ('136', '223', '2018-11-05 14:32:41');
INSERT INTO `dnf_visitor` VALUES ('137', '224', '2018-11-05 14:50:34');
INSERT INTO `dnf_visitor` VALUES ('138', '227', '2018-11-05 15:51:01');
INSERT INTO `dnf_visitor` VALUES ('139', '228', '2018-11-05 15:56:20');
INSERT INTO `dnf_visitor` VALUES ('140', '229', '2018-11-05 15:58:39');
INSERT INTO `dnf_visitor` VALUES ('141', '229', '2018-11-05 15:59:33');
INSERT INTO `dnf_visitor` VALUES ('142', '229', '2018-11-05 16:00:40');
INSERT INTO `dnf_visitor` VALUES ('143', '229', '2018-11-05 16:02:32');
INSERT INTO `dnf_visitor` VALUES ('144', '229', '2018-11-05 16:15:24');
INSERT INTO `dnf_visitor` VALUES ('145', '230', '2018-11-05 16:17:12');
INSERT INTO `dnf_visitor` VALUES ('146', '231', '2018-11-05 16:18:22');
INSERT INTO `dnf_visitor` VALUES ('147', '231', '2018-11-05 16:19:54');
INSERT INTO `dnf_visitor` VALUES ('148', '232', '2018-11-05 16:20:49');
INSERT INTO `dnf_visitor` VALUES ('149', '234', '2018-11-05 16:29:35');
INSERT INTO `dnf_visitor` VALUES ('150', '235', '2018-11-05 16:31:56');
INSERT INTO `dnf_visitor` VALUES ('151', '236', '2018-11-05 16:32:47');
INSERT INTO `dnf_visitor` VALUES ('152', '237', '2018-11-05 16:33:22');
INSERT INTO `dnf_visitor` VALUES ('153', '238', '2018-11-05 16:33:47');
INSERT INTO `dnf_visitor` VALUES ('154', '240', '2018-11-05 16:53:12');
INSERT INTO `dnf_visitor` VALUES ('155', '241', '2018-11-05 16:58:09');
INSERT INTO `dnf_visitor` VALUES ('156', '242', '2018-11-05 17:21:48');
INSERT INTO `dnf_visitor` VALUES ('157', '243', '2018-11-05 19:10:21');
INSERT INTO `dnf_visitor` VALUES ('158', '244', '2018-11-05 19:15:10');
INSERT INTO `dnf_visitor` VALUES ('159', '245', '2018-11-05 19:20:59');
INSERT INTO `dnf_visitor` VALUES ('160', '246', '2018-11-05 19:22:51');
INSERT INTO `dnf_visitor` VALUES ('161', '247', '2018-11-05 19:46:55');
INSERT INTO `dnf_visitor` VALUES ('162', '248', '2018-11-05 19:57:49');
INSERT INTO `dnf_visitor` VALUES ('163', '249', '2018-11-05 20:01:14');
INSERT INTO `dnf_visitor` VALUES ('164', '250', '2018-11-05 20:22:57');
INSERT INTO `dnf_visitor` VALUES ('165', '251', '2018-11-05 20:27:35');
INSERT INTO `dnf_visitor` VALUES ('166', '252', '2018-11-05 20:37:04');
INSERT INTO `dnf_visitor` VALUES ('167', '253', '2018-11-06 09:31:49');
INSERT INTO `dnf_visitor` VALUES ('168', '254', '2018-11-06 09:40:21');
INSERT INTO `dnf_visitor` VALUES ('169', '255', '2018-11-06 09:43:14');
INSERT INTO `dnf_visitor` VALUES ('170', '256', '2018-11-06 09:49:04');
INSERT INTO `dnf_visitor` VALUES ('171', '256', '2018-11-06 09:49:33');
INSERT INTO `dnf_visitor` VALUES ('172', '257', '2018-11-06 09:56:13');
INSERT INTO `dnf_visitor` VALUES ('173', '258', '2018-11-06 10:02:20');
INSERT INTO `dnf_visitor` VALUES ('174', '259', '2018-11-06 10:30:07');
INSERT INTO `dnf_visitor` VALUES ('175', '259', '2018-11-06 10:30:38');
INSERT INTO `dnf_visitor` VALUES ('176', '260', '2018-11-06 10:39:20');
INSERT INTO `dnf_visitor` VALUES ('177', '261', '2018-11-06 10:40:31');
INSERT INTO `dnf_visitor` VALUES ('178', '262', '2018-11-06 10:44:13');
INSERT INTO `dnf_visitor` VALUES ('179', '263', '2018-11-06 10:47:30');
INSERT INTO `dnf_visitor` VALUES ('180', '264', '2018-11-06 11:22:23');
INSERT INTO `dnf_visitor` VALUES ('181', '265', '2018-11-06 11:27:05');
INSERT INTO `dnf_visitor` VALUES ('182', '266', '2018-11-06 11:31:24');
INSERT INTO `dnf_visitor` VALUES ('183', '267', '2018-11-06 12:02:34');
INSERT INTO `dnf_visitor` VALUES ('184', '268', '2018-11-06 14:55:35');
INSERT INTO `dnf_visitor` VALUES ('185', '269', '2018-11-06 15:01:08');
INSERT INTO `dnf_visitor` VALUES ('186', '270', '2018-11-06 15:10:00');
INSERT INTO `dnf_visitor` VALUES ('187', '271', '2018-11-06 16:01:15');
INSERT INTO `dnf_visitor` VALUES ('188', '272', '2018-11-06 16:05:27');
INSERT INTO `dnf_visitor` VALUES ('189', '274', '2018-11-06 16:21:45');
INSERT INTO `dnf_visitor` VALUES ('190', '275', '2018-11-06 16:30:56');
INSERT INTO `dnf_visitor` VALUES ('191', '276', '2018-11-06 16:35:54');
INSERT INTO `dnf_visitor` VALUES ('192', '277', '2018-11-06 16:42:49');
INSERT INTO `dnf_visitor` VALUES ('193', '278', '2018-11-06 16:47:45');
INSERT INTO `dnf_visitor` VALUES ('194', '279', '2018-11-06 16:56:00');
INSERT INTO `dnf_visitor` VALUES ('195', '280', '2018-11-06 17:09:51');
INSERT INTO `dnf_visitor` VALUES ('196', '281', '2018-11-06 17:14:14');
INSERT INTO `dnf_visitor` VALUES ('197', '282', '2018-11-06 17:18:05');
INSERT INTO `dnf_visitor` VALUES ('198', '283', '2018-11-06 17:33:16');
INSERT INTO `dnf_visitor` VALUES ('199', '284', '2018-11-06 17:39:50');
INSERT INTO `dnf_visitor` VALUES ('200', '285', '2018-11-06 17:41:15');
INSERT INTO `dnf_visitor` VALUES ('201', '286', '2018-11-06 17:46:04');
INSERT INTO `dnf_visitor` VALUES ('202', '287', '2018-11-06 17:53:48');
INSERT INTO `dnf_visitor` VALUES ('203', '288', '2018-11-06 17:59:56');
INSERT INTO `dnf_visitor` VALUES ('204', '289', '2018-11-06 18:01:49');
INSERT INTO `dnf_visitor` VALUES ('205', '290', '2018-11-06 18:42:21');
INSERT INTO `dnf_visitor` VALUES ('206', '291', '2018-11-06 18:45:29');
INSERT INTO `dnf_visitor` VALUES ('207', '292', '2018-11-06 19:41:50');
INSERT INTO `dnf_visitor` VALUES ('208', '293', '2018-11-06 19:43:34');
INSERT INTO `dnf_visitor` VALUES ('209', '294', '2018-11-06 19:44:44');
INSERT INTO `dnf_visitor` VALUES ('210', '295', '2018-11-06 19:54:29');
INSERT INTO `dnf_visitor` VALUES ('211', '296', '2018-11-06 19:57:14');
INSERT INTO `dnf_visitor` VALUES ('212', '297', '2018-11-06 19:57:54');
INSERT INTO `dnf_visitor` VALUES ('213', '298', '2018-11-06 20:03:05');
INSERT INTO `dnf_visitor` VALUES ('214', '299', '2018-11-06 20:07:27');
INSERT INTO `dnf_visitor` VALUES ('215', '300', '2018-11-06 20:11:45');
INSERT INTO `dnf_visitor` VALUES ('216', '301', '2018-11-06 20:14:13');
INSERT INTO `dnf_visitor` VALUES ('217', '302', '2018-11-06 20:16:11');
INSERT INTO `dnf_visitor` VALUES ('218', '303', '2018-11-06 20:21:36');
INSERT INTO `dnf_visitor` VALUES ('219', '305', '2018-11-06 20:26:36');
INSERT INTO `dnf_visitor` VALUES ('220', '306', '2018-11-06 20:32:58');
INSERT INTO `dnf_visitor` VALUES ('221', '307', '2018-11-06 20:36:40');
INSERT INTO `dnf_visitor` VALUES ('222', '309', '2018-11-07 08:58:41');
INSERT INTO `dnf_visitor` VALUES ('223', '328', '2018-11-07 10:16:52');
INSERT INTO `dnf_visitor` VALUES ('224', '329', '2018-11-07 10:23:53');
INSERT INTO `dnf_visitor` VALUES ('225', '330', '2018-11-07 10:25:19');
INSERT INTO `dnf_visitor` VALUES ('226', '331', '2018-11-07 10:27:36');
INSERT INTO `dnf_visitor` VALUES ('227', '333', '2018-11-07 11:51:09');
INSERT INTO `dnf_visitor` VALUES ('228', '338', '2018-11-07 15:06:39');
INSERT INTO `dnf_visitor` VALUES ('229', '339', '2018-11-07 15:25:16');
INSERT INTO `dnf_visitor` VALUES ('230', '340', '2018-11-07 19:03:37');
INSERT INTO `dnf_visitor` VALUES ('231', '341', '2018-11-07 19:07:35');
INSERT INTO `dnf_visitor` VALUES ('232', '342', '2018-11-07 19:10:19');
INSERT INTO `dnf_visitor` VALUES ('233', '343', '2018-11-07 19:13:33');
INSERT INTO `dnf_visitor` VALUES ('234', '344', '2018-11-07 19:17:52');
INSERT INTO `dnf_visitor` VALUES ('235', '345', '2018-11-07 19:18:59');
INSERT INTO `dnf_visitor` VALUES ('236', '346', '2018-11-07 19:20:46');
INSERT INTO `dnf_visitor` VALUES ('237', '347', '2018-11-07 19:28:09');
INSERT INTO `dnf_visitor` VALUES ('238', '348', '2018-11-07 19:31:39');
INSERT INTO `dnf_visitor` VALUES ('239', '349', '2018-11-07 19:37:32');
INSERT INTO `dnf_visitor` VALUES ('240', '350', '2018-11-07 19:46:18');
INSERT INTO `dnf_visitor` VALUES ('241', '352', '2018-11-07 19:49:22');
INSERT INTO `dnf_visitor` VALUES ('242', '353', '2018-11-07 19:51:51');
INSERT INTO `dnf_visitor` VALUES ('243', '354', '2018-11-07 19:53:14');
INSERT INTO `dnf_visitor` VALUES ('244', '355', '2018-11-07 19:53:50');
INSERT INTO `dnf_visitor` VALUES ('245', '356', '2018-11-07 20:07:12');
INSERT INTO `dnf_visitor` VALUES ('246', '357', '2018-11-07 20:09:55');
INSERT INTO `dnf_visitor` VALUES ('247', '358', '2018-11-07 20:14:14');
INSERT INTO `dnf_visitor` VALUES ('248', '359', '2018-11-07 20:17:04');
INSERT INTO `dnf_visitor` VALUES ('249', '360', '2018-11-08 14:10:37');
INSERT INTO `dnf_visitor` VALUES ('250', '361', '2018-11-08 15:31:27');
INSERT INTO `dnf_visitor` VALUES ('251', '362', '2018-11-08 17:36:19');
INSERT INTO `dnf_visitor` VALUES ('252', '363', '2018-11-08 20:23:26');
INSERT INTO `dnf_visitor` VALUES ('253', '364', '2018-11-08 20:27:46');
INSERT INTO `dnf_visitor` VALUES ('254', '365', '2018-11-08 20:30:27');
INSERT INTO `dnf_visitor` VALUES ('255', '366', '2018-11-08 20:34:46');
INSERT INTO `dnf_visitor` VALUES ('256', '367', '2018-11-08 20:36:26');
INSERT INTO `dnf_visitor` VALUES ('257', '368', '2018-11-09 14:10:31');
INSERT INTO `dnf_visitor` VALUES ('258', '369', '2018-11-12 09:51:48');
